Workbook

Sheet Sheet2
A1: CASEID | B1: COURTID | C1: NATURECODE | D1: CATEGORY | E1: CASENUM | F1: CASETITLE | G1: DTFILED | H1: DTRECEIVED | I1: DTTRANSFER | J1: TRANSFER | K1: CASETYPE | L1: CLOSEDATE | M1: CLOSETAG | N1: CLOSEDET | O1: NATUREREM | P1: IAMOUNT | Q1: IWEIGHT | R1: CSTATUS | S1: CSTATUSID | T1: CLOSESTAT | U1: CREATEBY | V1: CREATEDT | W1: MODIFYBY | X1: MODIFYDT
A2: {=_xludf.IFNA(INDEX(Sheet6!A:A, MATCH($E2, Sheet6!$E:$E, 0)),"N/A")} -> #NAME? | B2: {=_xludf.IFNA(INDEX(Sheet6!B:B, MATCH($E2, Sheet6!$E:$E, 0)),"N/A")} -> #NAME? | C2: {=_xludf.IFNA(INDEX(Sheet6!C:C, MATCH($E2, Sheet6!$E:$E, 0)),"N/A")} -> #NAME? | D2: {=_xludf.IFNA(INDEX(Sheet6!D:D, MATCH($E2, Sheet6!$E:$E, 0)),"N/A")} -> #NAME? | E2: 3737 | F2: PEOPLE OF THE PHILIPPINES VS. JOVENVIO TINUN-OGAN A.K.A. DATU MANTIMONGMONG | G2: 38505 | H2: 38505 | I2: {=_xludf.IFNA(INDEX(Sheet6!I:I, MATCH($E2, Sheet6!$E:$E, 0)),"N/A")} -> #NAME? | J2: {=_xludf.IFNA(INDEX(Sheet6!J:J, MATCH($E2, Sheet6!$E:$E, 0)),"N/A")} -> #NAME? | K2: {=_xludf.IFNA(INDEX(Sheet6!K:K, MATCH($E2, Sheet6!$E:$E, 0)),"N/A")} -> #NAME? | L2: {=_xludf.IFNA(INDEX(Sheet6!L:L, MATCH($E2, Sheet6!$E:$E, 0)),"N/A")} -> #NAME? | M2: {=_xludf.IFNA(INDEX(Sheet6!M:M, MATCH($E2, Sheet6!$E:$E, 0)),"N/A")} -> #NAME? | N2: {=_xludf.IFNA(INDEX(Sheet6!N:N, MATCH($E2, Sheet6!$E:$E, 0)),"N/A")} -> #NAME? | P2: {=_xludf.IFNA(INDEX(Sheet6!P:P, MATCH($E2, Sheet6!$E:$E, 0)),"N/A")} -> #NAME? | Q2: {=_xludf.IFNA(INDEX(Sheet6!Q:Q, MATCH($E2, Sheet6!$E:$E, 0)),"N/A")} -> #NAME? | R2: {=_xludf.IFNA(INDEX(Sheet6!R:R, MATCH($E2, Sheet6!$E:$E, 0)),"N/A")} -> #NAME? | S2: {=_xludf.IFNA(INDEX(Sheet6!S:S, MATCH($E2, Sheet6!$E:$E, 0)),"N/A")} -> #NAME? | T2: {=_xludf.IFNA(INDEX(Sheet6!T:T, MATCH($E2, Sheet6!$E:$E, 0)),"N/A")} -> #NAME? | U2: {=_xludf.IFNA(INDEX(Sheet6!U:U, MATCH($E2, Sheet6!$E:$E, 0)),"N/A")} -> #NAME? | V2: {=_xludf.IFNA(INDEX(Sheet6!V:V, MATCH($E2, Sheet6!$E:$E, 0)),"N/A")} -> #NAME? | W2: {=_xludf.IFNA(INDEX(Sheet6!W:W, MATCH($E2, Sheet6!$E:$E, 0)),"N/A")} -> #NAME? | X2: {=_xludf.IFNA(INDEX(Sheet6!X:X, MATCH($E2, Sheet6!$E:$E, 0)),"N/A")} -> #NAME?
A3: {=_xludf.IFNA(INDEX(Sheet6!A:A, MATCH($E3, Sheet6!$E:$E, 0)),"N/A")} -> #NAME? | B3: {=_xludf.IFNA(INDEX(Sheet6!B:B, MATCH($E3, Sheet6!$E:$E, 0)),"N/A")} -> #NAME? | C3: {=_xludf.IFNA(INDEX(Sheet6!C:C, MATCH($E3, Sheet6!$E:$E, 0)),"N/A")} -> #NAME? | D3: {=_xludf.IFNA(INDEX(Sheet6!D:D, MATCH($E3, Sheet6!$E:$E, 0)),"N/A")} -> #NAME? | E3: 3878 | F3: PEOPLE OF THE PHILIPPINES VS. RENE JAVIER | G3: 39818 | H3: 39818 | I3: {=_xludf.IFNA(INDEX(Sheet6!I:I, MATCH($E3, Sheet6!$E:$E, 0)),"N/A")} -> #NAME? | J3: {=_xludf.IFNA(INDEX(Sheet6!J:J, MATCH($E3, Sheet6!$E:$E, 0)),"N/A")} -> #NAME? | K3: {=_xludf.IFNA(INDEX(Sheet6!K:K, MATCH($E3, Sheet6!$E:$E, 0)),"N/A")} -> #NAME? | L3: {=_xludf.IFNA(INDEX(Sheet6!L:L, MATCH($E3, Sheet6!$E:$E, 0)),"N/A")} -> #NAME? | M3: {=_xludf.IFNA(INDEX(Sheet6!M:M, MATCH($E3, Sheet6!$E:$E, 0)),"N/A")} -> #NAME? | N3: {=_xludf.IFNA(INDEX(Sheet6!N:N, MATCH($E3, Sheet6!$E:$E, 0)),"N/A")} -> #NAME? | O3: THEFT | P3: {=_xludf.IFNA(INDEX(Sheet6!P:P, MATCH($E3, Sheet6!$E:$E, 0)),"N/A")} -> #NAME? | Q3: {=_xludf.IFNA(INDEX(Sheet6!Q:Q, MATCH($E3, Sheet6!$E:$E, 0)),"N/A")} -> #NAME? | R3: {=_xludf.IFNA(INDEX(Sheet6!R:R, MATCH($E3, Sheet6!$E:$E, 0)),"N/A")} -> #NAME? | S3: {=_xludf.IFNA(INDEX(Sheet6!S:S, MATCH($E3, Sheet6!$E:$E, 0)),"N/A")} -> #NAME? | T3: {=_xludf.IFNA(INDEX(Sheet6!T:T, MATCH($E3, Sheet6!$E:$E, 0)),"N/A")} -> #NAME? | U3: {=_xludf.IFNA(INDEX(Sheet6!U:U, MATCH($E3, Sheet6!$E:$E, 0)),"N/A")} -> #NAME? | V3: {=_xludf.IFNA(INDEX(Sheet6!V:V, MATCH($E3, Sheet6!$E:$E, 0)),"N/A")} -> #NAME? | W3: {=_xludf.IFNA(INDEX(Sheet6!W:W, MATCH($E3, Sheet6!$E:$E, 0)),"N/A")} -> #NAME? | X3: {=_xludf.IFNA(INDEX(Sheet6!X:X, MATCH($E3, Sheet6!$E:$E, 0)),"N/A")} -> #NAME?
A4: {=_xludf.IFNA(INDEX(Sheet6!A:A, MATCH($E4, Sheet6!$E:$E, 0)),"N/A")} -> #NAME? | B4: {=_xludf.IFNA(INDEX(Sheet6!B:B, MATCH($E4, Sheet6!$E:$E, 0)),"N/A")} -> #NAME? | C4: {=_xludf.IFNA(INDEX(Sheet6!C:C, MATCH($E4, Sheet6!$E:$E, 0)),"N/A")} -> #NAME? | D4: {=_xludf.IFNA(INDEX(Sheet6!D:D, MATCH($E4, Sheet6!$E:$E, 0)),"N/A")} -> #NAME? | E4: 3879 | F4: PEOPLE OF THE PHILIPPINES VS. FELIX GARDOSE & FELIPE CARDOSE | G4: 39836 | H4: 39836 | I4: {=_xludf.IFNA(INDEX(Sheet6!I:I, MATCH($E4, Sheet6!$E:$E, 0)),"N/A")} -> #NAME? | J4: {=_xludf.IFNA(INDEX(Sheet6!J:J, MATCH($E4, Sheet6!$E:$E, 0)),"N/A")} -> #NAME? | K4: {=_xludf.IFNA(INDEX(Sheet6!K:K, MATCH($E4, Sheet6!$E:$E, 0)),"N/A")} -> #NAME? | L4: {=_xludf.IFNA(INDEX(Sheet6!L:L, MATCH($E4, Sheet6!$E:$E, 0)),"N/A")} -> #NAME? | M4: {=_xludf.IFNA(INDEX(Sheet6!M:M, MATCH($E4, Sheet6!$E:$E, 0)),"N/A")} -> #NAME? | N4: {=_xludf.IFNA(INDEX(Sheet6!N:N, MATCH($E4, Sheet6!$E:$E, 0)),"N/A")} -> #NAME? | O4: ATTEMPTED QUALIFIED THEFT | P4: {=_xludf.IFNA(INDEX(Sheet6!P:P, MATCH($E4, Sheet6!$E:$E, 0)),"N/A")} -> #NAME? | Q4: {=_xludf.IFNA(INDEX(Sheet6!Q:Q, MATCH($E4, Sheet6!$E:$E, 0)),"N/A")} -> #NAME? | R4: {=_xludf.IFNA(INDEX(Sheet6!R:R, MATCH($E4, Sheet6!$E:$E, 0)),"N/A")} -> #NAME? | S4: {=_xludf.IFNA(INDEX(Sheet6!S:S, MATCH($E4, Sheet6!$E:$E, 0)),"N/A")} -> #NAME? | T4: {=_xludf.IFNA(INDEX(Sheet6!T:T, MATCH($E4, Sheet6!$E:$E, 0)),"N/A")} -> #NAME? | U4: {=_xludf.IFNA(INDEX(Sheet6!U:U, MATCH($E4, Sheet6!$E:$E, 0)),"N/A")} -> #NAME? | V4: {=_xludf.IFNA(INDEX(Sheet6!V:V, MATCH($E4, Sheet6!$E:$E, 0)),"N/A")} -> #NAME? | W4: {=_xludf.IFNA(INDEX(Sheet6!W:W, MATCH($E4, Sheet6!$E:$E, 0)),"N/A")} -> #NAME? | X4: {=_xludf.IFNA(INDEX(Sheet6!X:X, MATCH($E4, Sheet6!$E:$E, 0)),"N/A")} -> #NAME?
A5: {=_xludf.IFNA(INDEX(Sheet6!A:A, MATCH($E5, Sheet6!$E:$E, 0)),"N/A")} -> #NAME? | B5: {=_xludf.IFNA(INDEX(Sheet6!B:B, MATCH($E5, Sheet6!$E:$E, 0)),"N/A")} -> #NAME? | C5: {=_xludf.IFNA(INDEX(Sheet6!C:C, MATCH($E5, Sheet6!$E:$E, 0)),"N/A")} -> #NAME? | D5: {=_xludf.IFNA(INDEX(Sheet6!D:D, MATCH($E5, Sheet6!$E:$E, 0)),"N/A")} -> #NAME? | E5: 3880 | F5: PEOPLE OF THE PHILIPPINES VS. JERRY BEDRA, JR. | G5: 39847 | H5: 39847 | I5: {=_xludf.IFNA(INDEX(Sheet6!I:I, MATCH($E5, Sheet6!$E:$E, 0)),"N/A")} -> #NAME? | J5: {=_xludf.IFNA(INDEX(Sheet6!J:J, MATCH($E5, Sheet6!$E:$E, 0)),"N/A")} -> #NAME? | K5: {=_xludf.IFNA(INDEX(Sheet6!K:K, MATCH($E5, Sheet6!$E:$E, 0)),"N/A")} -> #NAME? | L5: {=_xludf.IFNA(INDEX(Sheet6!L:L, MATCH($E5, Sheet6!$E:$E, 0)),"N/A")} -> #NAME? | M5: {=_xludf.IFNA(INDEX(Sheet6!M:M, MATCH($E5, Sheet6!$E:$E, 0)),"N/A")} -> #NAME? | N5: {=_xludf.IFNA(INDEX(Sheet6!N:N, MATCH($E5, Sheet6!$E:$E, 0)),"N/A")} -> #NAME? | O5: DIRECT ASSAULT | P5: {=_xludf.IFNA(INDEX(Sheet6!P:P, MATCH($E5, Sheet6!$E:$E, 0)),"N/A")} -> #NAME? | Q5: {=_xludf.IFNA(INDEX(Sheet6!Q:Q, MATCH($E5, Sheet6!$E:$E, 0)),"N/A")} -> #NAME? | R5: {=_xludf.IFNA(INDEX(Sheet6!R:R, MATCH($E5, Sheet6!$E:$E, 0)),"N/A")} -> #NAME? | S5: {=_xludf.IFNA(INDEX(Sheet6!S:S, MATCH($E5, Sheet6!$E:$E, 0)),"N/A")} -> #NAME? | T5: {=_xludf.IFNA(INDEX(Sheet6!T:T, MATCH($E5, Sheet6!$E:$E, 0)),"N/A")} -> #NAME? | U5: {=_xludf.IFNA(INDEX(Sheet6!U:U, MATCH($E5, Sheet6!$E:$E, 0)),"N/A")} -> #NAME? | V5: {=_xludf.IFNA(INDEX(Sheet6!V:V, MATCH($E5, Sheet6!$E:$E, 0)),"N/A")} -> #NAME? | W5: {=_xludf.IFNA(INDEX(Sheet6!W:W, MATCH($E5, Sheet6!$E:$E, 0)),"N/A")} -> #NAME? | X5: {=_xludf.IFNA(INDEX(Sheet6!X:X, MATCH($E5, Sheet6!$E:$E, 0)),"N/A")} -> #NAME?
A6: {=_xludf.IFNA(INDEX(Sheet6!A:A, MATCH($E6, Sheet6!$E:$E, 0)),"N/A")} -> #NAME? | B6: {=_xludf.IFNA(INDEX(Sheet6!B:B, MATCH($E6, Sheet6!$E:$E, 0)),"N/A")} -> #NAME? | C6: {=_xludf.IFNA(INDEX(Sheet6!C:C, MATCH($E6, Sheet6!$E:$E, 0)),"N/A")} -> #NAME? | D6: {=_xludf.IFNA(INDEX(Sheet6!D:D, MATCH($E6, Sheet6!$E:$E, 0)),"N/A")} -> #NAME? | E6: 3881 | F6: PEOPLE OF THE PHILIPPINES VS. MARCO CARLO GUINDULMAN & RICO GUINDULMAN | G6: 39847 | H6: 39847 | I6: {=_xludf.IFNA(INDEX(Sheet6!I:I, MATCH($E6, Sheet6!$E:$E, 0)),"N/A")} -> #NAME? | J6: {=_xludf.IFNA(INDEX(Sheet6!J:J, MATCH($E6, Sheet6!$E:$E, 0)),"N/A")} -> #NAME? | K6: {=_xludf.IFNA(INDEX(Sheet6!K:K, MATCH($E6, Sheet6!$E:$E, 0)),"N/A")} -> #NAME? | L6: {=_xludf.IFNA(INDEX(Sheet6!L:L, MATCH($E6, Sheet6!$E:$E, 0)),"N/A")} -> #NAME? | M6: {=_xludf.IFNA(INDEX(Sheet6!M:M, MATCH($E6, Sheet6!$E:$E, 0)),"N/A")} -> #NAME? | N6: {=_xludf.IFNA(INDEX(Sheet6!N:N, MATCH($E6, Sheet6!$E:$E, 0)),"N/A")} -> #NAME? | O6: SLIGHT PHYSICAN INJURIES | P6: {=_xludf.IFNA(INDEX(Sheet6!P:P, MATCH($E6, Sheet6!$E:$E, 0)),"N/A")} -> #NAME? | Q6: {=_xludf.IFNA(INDEX(Sheet6!Q:Q, MATCH($E6, Sheet6!$E:$E, 0)),"N/A")} -> #NAME? | R6: {=_xludf.IFNA(INDEX(Sheet6!R:R, MATCH($E6, Sheet6!$E:$E, 0)),"N/A")} -> #NAME? | S6: {=_xludf.IFNA(INDEX(Sheet6!S:S, MATCH($E6, Sheet6!$E:$E, 0)),"N/A")} -> #NAME? | T6: {=_xludf.IFNA(INDEX(Sheet6!T:T, MATCH($E6, Sheet6!$E:$E, 0)),"N/A")} -> #NAME? | U6: {=_xludf.IFNA(INDEX(Sheet6!U:U, MATCH($E6, Sheet6!$E:$E, 0)),"N/A")} -> #NAME? | V6: {=_xludf.IFNA(INDEX(Sheet6!V:V, MATCH($E6, Sheet6!$E:$E, 0)),"N/A")} -> #NAME? | W6: {=_xludf.IFNA(INDEX(Sheet6!W:W, MATCH($E6, Sheet6!$E:$E, 0)),"N/A")} -> #NAME? | X6: {=_xludf.IFNA(INDEX(Sheet6!X:X, MATCH($E6, Sheet6!$E:$E, 0)),"N/A")} -> #NAME?
A7: {=_xludf.IFNA(INDEX(Sheet6!A:A, MATCH($E7, Sheet6!$E:$E, 0)),"N/A")} -> #NAME? | B7: {=_xludf.IFNA(INDEX(Sheet6!B:B, MATCH($E7, Sheet6!$E:$E, 0)),"N/A")} -> #NAME? | C7: {=_xludf.IFNA(INDEX(Sheet6!C:C, MATCH($E7, Sheet6!$E:$E, 0)),"N/A")} -> #NAME? | D7: {=_xludf.IFNA(INDEX(Sheet6!D:D, MATCH($E7, Sheet6!$E:$E, 0)),"N/A")} -> #NAME? | E7: 3882 | F7: PEOPLE OF THE PHILIPPINES VS. JUNMARK T. MILLAN | G7: 39876 | H7: 39876 | I7: {=_xludf.IFNA(INDEX(Sheet6!I:I, MATCH($E7, Sheet6!$E:$E, 0)),"N/A")} -> #NAME? | J7: {=_xludf.IFNA(INDEX(Sheet6!J:J, MATCH($E7, Sheet6!$E:$E, 0)),"N/A")} -> #NAME? | K7: {=_xludf.IFNA(INDEX(Sheet6!K:K, MATCH($E7, Sheet6!$E:$E, 0)),"N/A")} -> #NAME? | L7: {=_xludf.IFNA(INDEX(Sheet6!L:L, MATCH($E7, Sheet6!$E:$E, 0)),"N/A")} -> #NAME? | M7: {=_xludf.IFNA(INDEX(Sheet6!M:M, MATCH($E7, Sheet6!$E:$E, 0)),"N/A")} -> #NAME? | N7: {=_xludf.IFNA(INDEX(Sheet6!N:N, MATCH($E7, Sheet6!$E:$E, 0)),"N/A")} -> #NAME? | O7: VIOLATION OF SEC. 1 B.BP BLG 6 | P7: {=_xludf.IFNA(INDEX(Sheet6!P:P, MATCH($E7, Sheet6!$E:$E, 0)),"N/A")} -> #NAME? | Q7: {=_xludf.IFNA(INDEX(Sheet6!Q:Q, MATCH($E7, Sheet6!$E:$E, 0)),"N/A")} -> #NAME? | R7: {=_xludf.IFNA(INDEX(Sheet6!R:R, MATCH($E7, Sheet6!$E:$E, 0)),"N/A")} -> #NAME? | S7: {=_xludf.IFNA(INDEX(Sheet6!S:S, MATCH($E7, Sheet6!$E:$E, 0)),"N/A")} -> #NAME? | T7: {=_xludf.IFNA(INDEX(Sheet6!T:T, MATCH($E7, Sheet6!$E:$E, 0)),"N/A")} -> #NAME? | U7: {=_xludf.IFNA(INDEX(Sheet6!U:U, MATCH($E7, Sheet6!$E:$E, 0)),"N/A")} -> #NAME? | V7: {=_xludf.IFNA(INDEX(Sheet6!V:V, MATCH($E7, Sheet6!$E:$E, 0)),"N/A")} -> #NAME? | W7: {=_xludf.IFNA(INDEX(Sheet6!W:W, MATCH($E7, Sheet6!$E:$E, 0)),"N/A")} -> #NAME? | X7: {=_xludf.IFNA(INDEX(Sheet6!X:X, MATCH($E7, Sheet6!$E:$E, 0)),"N/A")} -> #NAME?
A8: {=_xludf.IFNA(INDEX(Sheet6!A:A, MATCH($E8, Sheet6!$E:$E, 0)),"N/A")} -> #NAME? | B8: {=_xludf.IFNA(INDEX(Sheet6!B:B, MATCH($E8, Sheet6!$E:$E, 0)),"N/A")} -> #NAME? | C8: {=_xludf.IFNA(INDEX(Sheet6!C:C, MATCH($E8, Sheet6!$E:$E, 0)),"N/A")} -> #NAME? | D8: {=_xludf.IFNA(INDEX(Sheet6!D:D, MATCH($E8, Sheet6!$E:$E, 0)),"N/A")} -> #NAME? | E8: 3883 | F8: PEOPLE OF THE PHILIPPINES VS. VIRQILIO LANCHENIBRE | G8: 39883 | H8: 39883 | I8: {=_xludf.IFNA(INDEX(Sheet6!I:I, MATCH($E8, Sheet6!$E:$E, 0)),"N/A")} -> #NAME? | J8: {=_xludf.IFNA(INDEX(Sheet6!J:J, MATCH($E8, Sheet6!$E:$E, 0)),"N/A")} -> #NAME? | K8: {=_xludf.IFNA(INDEX(Sheet6!K:K, MATCH($E8, Sheet6!$E:$E, 0)),"N/A")} -> #NAME? | L8: {=_xludf.IFNA(INDEX(Sheet6!L:L, MATCH($E8, Sheet6!$E:$E, 0)),"N/A")} -> #NAME? | M8: {=_xludf.IFNA(INDEX(Sheet6!M:M, MATCH($E8, Sheet6!$E:$E, 0)),"N/A")} -> #NAME? | N8: {=_xludf.IFNA(INDEX(Sheet6!N:N, MATCH($E8, Sheet6!$E:$E, 0)),"N/A")} -> #NAME? | O8: ILLEGAL POSSESSION OF FIREARM | P8: {=_xludf.IFNA(INDEX(Sheet6!P:P, MATCH($E8, Sheet6!$E:$E, 0)),"N/A")} -> #NAME? | Q8: {=_xludf.IFNA(INDEX(Sheet6!Q:Q, MATCH($E8, Sheet6!$E:$E, 0)),"N/A")} -> #NAME? | R8: {=_xludf.IFNA(INDEX(Sheet6!R:R, MATCH($E8, Sheet6!$E:$E, 0)),"N/A")} -> #NAME? | S8: {=_xludf.IFNA(INDEX(Sheet6!S:S, MATCH($E8, Sheet6!$E:$E, 0)),"N/A")} -> #NAME? | T8: {=_xludf.IFNA(INDEX(Sheet6!T:T, MATCH($E8, Sheet6!$E:$E, 0)),"N/A")} -> #NAME? | U8: {=_xludf.IFNA(INDEX(Sheet6!U:U, MATCH($E8, Sheet6!$E:$E, 0)),"N/A")} -> #NAME? | V8: {=_xludf.IFNA(INDEX(Sheet6!V:V, MATCH($E8, Sheet6!$E:$E, 0)),"N/A")} -> #NAME? | W8: {=_xludf.IFNA(INDEX(Sheet6!W:W, MATCH($E8, Sheet6!$E:$E, 0)),"N/A")} -> #NAME? | X8: {=_xludf.IFNA(INDEX(Sheet6!X:X, MATCH($E8, Sheet6!$E:$E, 0)),"N/A")} -> #NAME?
A9: {=_xludf.IFNA(INDEX(Sheet6!A:A, MATCH($E9, Sheet6!$E:$E, 0)),"N/A")} -> #NAME? | B9: {=_xludf.IFNA(INDEX(Sheet6!B:B, MATCH($E9, Sheet6!$E:$E, 0)),"N/A")} -> #NAME? | C9: {=_xludf.IFNA(INDEX(Sheet6!C:C, MATCH($E9, Sheet6!$E:$E, 0)),"N/A")} -> #NAME? | D9: {=_xludf.IFNA(INDEX(Sheet6!D:D, MATCH($E9, Sheet6!$E:$E, 0)),"N/A")} -> #NAME? | E9: 3884 | F9: PEOPLE OF THE PHILIPPINES VS. CRISCENSIA JABIAN | G9: 39918 | H9: 39918 | I9: {=_xludf.IFNA(INDEX(Sheet6!I:I, MATCH($E9, Sheet6!$E:$E, 0)),"N/A")} -> #NAME? | J9: {=_xludf.IFNA(INDEX(Sheet6!J:J, MATCH($E9, Sheet6!$E:$E, 0)),"N/A")} -> #NAME? | K9: {=_xludf.IFNA(INDEX(Sheet6!K:K, MATCH($E9, Sheet6!$E:$E, 0)),"N/A")} -> #NAME? | L9: {=_xludf.IFNA(INDEX(Sheet6!L:L, MATCH($E9, Sheet6!$E:$E, 0)),"N/A")} -> #NAME? | M9: {=_xludf.IFNA(INDEX(Sheet6!M:M, MATCH($E9, Sheet6!$E:$E, 0)),"N/A")} -> #NAME? | N9: {=_xludf.IFNA(INDEX(Sheet6!N:N, MATCH($E9, Sheet6!$E:$E, 0)),"N/A")} -> #NAME? | O9: ESTAFA | P9: {=_xludf.IFNA(INDEX(Sheet6!P:P, MATCH($E9, Sheet6!$E:$E, 0)),"N/A")} -> #NAME? | Q9: {=_xludf.IFNA(INDEX(Sheet6!Q:Q, MATCH($E9, Sheet6!$E:$E, 0)),"N/A")} -> #NAME? | R9: {=_xludf.IFNA(INDEX(Sheet6!R:R, MATCH($E9, Sheet6!$E:$E, 0)),"N/A")} -> #NAME? | S9: {=_xludf.IFNA(INDEX(Sheet6!S:S, MATCH($E9, Sheet6!$E:$E, 0)),"N/A")} -> #NAME? | T9: {=_xludf.IFNA(INDEX(Sheet6!T:T, MATCH($E9, Sheet6!$E:$E, 0)),"N/A")} -> #NAME? | U9: {=_xludf.IFNA(INDEX(Sheet6!U:U, MATCH($E9, Sheet6!$E:$E, 0)),"N/A")} -> #NAME? | V9: {=_xludf.IFNA(INDEX(Sheet6!V:V, MATCH($E9, Sheet6!$E:$E, 0)),"N/A")} -> #NAME? | W9: {=_xludf.IFNA(INDEX(Sheet6!W:W, MATCH($E9, Sheet6!$E:$E, 0)),"N/A")} -> #NAME? | X9: {=_xludf.IFNA(INDEX(Sheet6!X:X, MATCH($E9, Sheet6!$E:$E, 0)),"N/A")} -> #NAME?
A10: {=_xludf.IFNA(INDEX(Sheet6!A:A, MATCH($E10, Sheet6!$E:$E, 0)),"N/A")} -> #NAME? | B10: {=_xludf.IFNA(INDEX(Sheet6!B:B, MATCH($E10, Sheet6!$E:$E, 0)),"N/A")} -> #NAME? | C10: {=_xludf.IFNA(INDEX(Sheet6!C:C, MATCH($E10, Sheet6!$E:$E, 0)),"N/A")} -> #NAME? | D10: {=_xludf.IFNA(INDEX(Sheet6!D:D, MATCH($E10, Sheet6!$E:$E, 0)),"N/A")} -> #NAME? | E10: 3885 | F10: PEOPLE OF THE PHILIPPINES VS. ANTONIO OLIQUINO | G10: 39947 | H10: 39947 | I10: {=_xludf.IFNA(INDEX(Sheet6!I:I, MATCH($E10, Sheet6!$E:$E, 0)),"N/A")} -> #NAME? | J10: {=_xludf.IFNA(INDEX(Sheet6!J:J, MATCH($E10, Sheet6!$E:$E, 0)),"N/A")} -> #NAME? | K10: {=_xludf.IFNA(INDEX(Sheet6!K:K, MATCH($E10, Sheet6!$E:$E, 0)),"N/A")} -> #NAME? | L10: {=_xludf.IFNA(INDEX(Sheet6!L:L, MATCH($E10, Sheet6!$E:$E, 0)),"N/A")} -> #NAME? | M10: {=_xludf.IFNA(INDEX(Sheet6!M:M, MATCH($E10, Sheet6!$E:$E, 0)),"N/A")} -> #NAME? | N10: {=_xludf.IFNA(INDEX(Sheet6!N:N, MATCH($E10, Sheet6!$E:$E, 0)),"N/A")} -> #NAME? | O10: GRAVE ORAL DEFAMATION | P10: {=_xludf.IFNA(INDEX(Sheet6!P:P, MATCH($E10, Sheet6!$E:$E, 0)),"N/A")} -> #NAME? | Q10: {=_xludf.IFNA(INDEX(Sheet6!Q:Q, MATCH($E10, Sheet6!$E:$E, 0)),"N/A")} -> #NAME? | R10: {=_xludf.IFNA(INDEX(Sheet6!R:R, MATCH($E10, Sheet6!$E:$E, 0)),"N/A")} -> #NAME? | S10: {=_xludf.IFNA(INDEX(Sheet6!S:S, MATCH($E10, Sheet6!$E:$E, 0)),"N/A")} -> #NAME? | T10: {=_xludf.IFNA(INDEX(Sheet6!T:T, MATCH($E10, Sheet6!$E:$E, 0)),"N/A")} -> #NAME? | U10: {=_xludf.IFNA(INDEX(Sheet6!U:U, MATCH($E10, Sheet6!$E:$E, 0)),"N/A")} -> #NAME? | V10: {=_xludf.IFNA(INDEX(Sheet6!V:V, MATCH($E10, Sheet6!$E:$E, 0)),"N/A")} -> #NAME? | W10: {=_xludf.IFNA(INDEX(Sheet6!W:W, MATCH($E10, Sheet6!$E:$E, 0)),"N/A")} -> #NAME? | X10: {=_xludf.IFNA(INDEX(Sheet6!X:X, MATCH($E10, Sheet6!$E:$E, 0)),"N/A")} -> #NAME?
A11: {=_xludf.IFNA(INDEX(Sheet6!A:A, MATCH($E11, Sheet6!$E:$E, 0)),"N/A")} -> #NAME? | B11: {=_xludf.IFNA(INDEX(Sheet6!B:B, MATCH($E11, Sheet6!$E:$E, 0)),"N/A")} -> #NAME? | C11: {=_xludf.IFNA(INDEX(Sheet6!C:C, MATCH($E11, Sheet6!$E:$E, 0)),"N/A")} -> #NAME? | D11: {=_xludf.IFNA(INDEX(Sheet6!D:D, MATCH($E11, Sheet6!$E:$E, 0)),"N/A")} -> #NAME? | E11: 3886 | F11: PEOPLE OF THE PHILIPPINES VS. ARMANDO ALMOURA | G11: 39955 | H11: 39955 | I11: {=_xludf.IFNA(INDEX(Sheet6!I:I, MATCH($E11, Sheet6!$E:$E, 0)),"N/A")} -> #NAME? | J11: {=_xludf.IFNA(INDEX(Sheet6!J:J, MATCH($E11, Sheet6!$E:$E, 0)),"N/A")} -> #NAME? | K11: {=_xludf.IFNA(INDEX(Sheet6!K:K, MATCH($E11, Sheet6!$E:$E, 0)),"N/A")} -> #NAME? | L11: {=_xludf.IFNA(INDEX(Sheet6!L:L, MATCH($E11, Sheet6!$E:$E, 0)),"N/A")} -> #NAME? | M11: {=_xludf.IFNA(INDEX(Sheet6!M:M, MATCH($E11, Sheet6!$E:$E, 0)),"N/A")} -> #NAME? | N11: {=_xludf.IFNA(INDEX(Sheet6!N:N, MATCH($E11, Sheet6!$E:$E, 0)),"N/A")} -> #NAME? | O11: ATTEMPTED HOMICIDE | P11: {=_xludf.IFNA(INDEX(Sheet6!P:P, MATCH($E11, Sheet6!$E:$E, 0)),"N/A")} -> #NAME? | Q11: {=_xludf.IFNA(INDEX(Sheet6!Q:Q, MATCH($E11, Sheet6!$E:$E, 0)),"N/A")} -> #NAME? | R11: {=_xludf.IFNA(INDEX(Sheet6!R:R, MATCH($E11, Sheet6!$E:$E, 0)),"N/A")} -> #NAME? | S11: {=_xludf.IFNA(INDEX(Sheet6!S:S, MATCH($E11, Sheet6!$E:$E, 0)),"N/A")} -> #NAME? | T11: {=_xludf.IFNA(INDEX(Sheet6!T:T, MATCH($E11, Sheet6!$E:$E, 0)),"N/A")} -> #NAME? | U11: {=_xludf.IFNA(INDEX(Sheet6!U:U, MATCH($E11, Sheet6!$E:$E, 0)),"N/A")} -> #NAME? | V11: {=_xludf.IFNA(INDEX(Sheet6!V:V, MATCH($E11, Sheet6!$E:$E, 0)),"N/A")} -> #NAME? | W11: {=_xludf.IFNA(INDEX(Sheet6!W:W, MATCH($E11, Sheet6!$E:$E, 0)),"N/A")} -> #NAME? | X11: {=_xludf.IFNA(INDEX(Sheet6!X:X, MATCH($E11, Sheet6!$E:$E, 0)),"N/A")} -> #NAME?
A12: {=_xludf.IFNA(INDEX(Sheet6!A:A, MATCH($E12, Sheet6!$E:$E, 0)),"N/A")} -> #NAME? | B12: {=_xludf.IFNA(INDEX(Sheet6!B:B, MATCH($E12, Sheet6!$E:$E, 0)),"N/A")} -> #NAME? | C12: {=_xludf.IFNA(INDEX(Sheet6!C:C, MATCH($E12, Sheet6!$E:$E, 0)),"N/A")} -> #NAME? | D12: {=_xludf.IFNA(INDEX(Sheet6!D:D, MATCH($E12, Sheet6!$E:$E, 0)),"N/A")} -> #NAME? | E12: 3887 | F12: PEOPLE OF THE PHILIPPINES VS. RICKY APATAN | G12: 39974 | H12: 39974 | I12: {=_xludf.IFNA(INDEX(Sheet6!I:I, MATCH($E12, Sheet6!$E:$E, 0)),"N/A")} -> #NAME? | J12: {=_xludf.IFNA(INDEX(Sheet6!J:J, MATCH($E12, Sheet6!$E:$E, 0)),"N/A")} -> #NAME? | K12: {=_xludf.IFNA(INDEX(Sheet6!K:K, MATCH($E12, Sheet6!$E:$E, 0)),"N/A")} -> #NAME? | L12: {=_xludf.IFNA(INDEX(Sheet6!L:L, MATCH($E12, Sheet6!$E:$E, 0)),"N/A")} -> #NAME? | M12: {=_xludf.IFNA(INDEX(Sheet6!M:M, MATCH($E12, Sheet6!$E:$E, 0)),"N/A")} -> #NAME? | N12: {=_xludf.IFNA(INDEX(Sheet6!N:N, MATCH($E12, Sheet6!$E:$E, 0)),"N/A")} -> #NAME? | O12: SLIGHT PHYSICAN INJURIES | P12: {=_xludf.IFNA(INDEX(Sheet6!P:P, MATCH($E12, Sheet6!$E:$E, 0)),"N/A")} -> #NAME? | Q12: {=_xludf.IFNA(INDEX(Sheet6!Q:Q, MATCH($E12, Sheet6!$E:$E, 0)),"N/A")} -> #NAME? | R12: {=_xludf.IFNA(INDEX(Sheet6!R:R, MATCH($E12, Sheet6!$E:$E, 0)),"N/A")} -> #NAME? | S12: {=_xludf.IFNA(INDEX(Sheet6!S:S, MATCH($E12, Sheet6!$E:$E, 0)),"N/A")} -> #NAME? | T12: {=_xludf.IFNA(INDEX(Sheet6!T:T, MATCH($E12, Sheet6!$E:$E, 0)),"N/A")} -> #NAME? | U12: {=_xludf.IFNA(INDEX(Sheet6!U:U, MATCH($E12, Sheet6!$E:$E, 0)),"N/A")} -> #NAME? | V12: {=_xludf.IFNA(INDEX(Sheet6!V:V, MATCH($E12, Sheet6!$E:$E, 0)),"N/A")} -> #NAME? | W12: {=_xludf.IFNA(INDEX(Sheet6!W:W, MATCH($E12, Sheet6!$E:$E, 0)),"N/A")} -> #NAME? | X12: {=_xludf.IFNA(INDEX(Sheet6!X:X, MATCH($E12, Sheet6!$E:$E, 0)),"N/A")} -> #NAME?
A13: {=_xludf.IFNA(INDEX(Sheet6!A:A, MATCH($E13, Sheet6!$E:$E, 0)),"N/A")} -> #NAME? | B13: {=_xludf.IFNA(INDEX(Sheet6!B:B, MATCH($E13, Sheet6!$E:$E, 0)),"N/A")} -> #NAME? | C13: {=_xludf.IFNA(INDEX(Sheet6!C:C, MATCH($E13, Sheet6!$E:$E, 0)),"N/A")} -> #NAME? | D13: {=_xludf.IFNA(INDEX(Sheet6!D:D, MATCH($E13, Sheet6!$E:$E, 0)),"N/A")} -> #NAME? | E13: 3888 | F13: PEOPLE OF THE PHILIPPINES VS. JAIRUS Y. ARAPAN | G13: 39981 | H13: 39981 | I13: {=_xludf.IFNA(INDEX(Sheet6!I:I, MATCH($E13, Sheet6!$E:$E, 0)),"N/A")} -> #NAME? | J13: {=_xludf.IFNA(INDEX(Sheet6!J:J, MATCH($E13, Sheet6!$E:$E, 0)),"N/A")} -> #NAME? | K13: {=_xludf.IFNA(INDEX(Sheet6!K:K, MATCH($E13, Sheet6!$E:$E, 0)),"N/A")} -> #NAME? | L13: {=_xludf.IFNA(INDEX(Sheet6!L:L, MATCH($E13, Sheet6!$E:$E, 0)),"N/A")} -> #NAME? | M13: {=_xludf.IFNA(INDEX(Sheet6!M:M, MATCH($E13, Sheet6!$E:$E, 0)),"N/A")} -> #NAME? | N13: {=_xludf.IFNA(INDEX(Sheet6!N:N, MATCH($E13, Sheet6!$E:$E, 0)),"N/A")} -> #NAME? | O13: SLIGHT PHYSICAN INJURIES | P13: {=_xludf.IFNA(INDEX(Sheet6!P:P, MATCH($E13, Sheet6!$E:$E, 0)),"N/A")} -> #NAME? | Q13: {=_xludf.IFNA(INDEX(Sheet6!Q:Q, MATCH($E13, Sheet6!$E:$E, 0)),"N/A")} -> #NAME? | R13: {=_xludf.IFNA(INDEX(Sheet6!R:R, MATCH($E13, Sheet6!$E:$E, 0)),"N/A")} -> #NAME? | S13: {=_xludf.IFNA(INDEX(Sheet6!S:S, MATCH($E13, Sheet6!$E:$E, 0)),"N/A")} -> #NAME? | T13: {=_xludf.IFNA(INDEX(Sheet6!T:T, MATCH($E13, Sheet6!$E:$E, 0)),"N/A")} -> #NAME? | U13: {=_xludf.IFNA(INDEX(Sheet6!U:U, MATCH($E13, Sheet6!$E:$E, 0)),"N/A")} -> #NAME? | V13: {=_xludf.IFNA(INDEX(Sheet6!V:V, MATCH($E13, Sheet6!$E:$E, 0)),"N/A")} -> #NAME? | W13: {=_xludf.IFNA(INDEX(Sheet6!W:W, MATCH($E13, Sheet6!$E:$E, 0)),"N/A")} -> #NAME? | X13: {=_xludf.IFNA(INDEX(Sheet6!X:X, MATCH($E13, Sheet6!$E:$E, 0)),"N/A")} -> #NAME?
A14: {=_xludf.IFNA(INDEX(Sheet6!A:A, MATCH($E14, Sheet6!$E:$E, 0)),"N/A")} -> #NAME? | B14: {=_xludf.IFNA(INDEX(Sheet6!B:B, MATCH($E14, Sheet6!$E:$E, 0)),"N/A")} -> #NAME? | C14: {=_xludf.IFNA(INDEX(Sheet6!C:C, MATCH($E14, Sheet6!$E:$E, 0)),"N/A")} -> #NAME? | D14: {=_xludf.IFNA(INDEX(Sheet6!D:D, MATCH($E14, Sheet6!$E:$E, 0)),"N/A")} -> #NAME? | E14: 3889 | F14: PEOPLE OF THE PHILIPPINES VS. PASCASIO S. JALASAN JR. | G14: 40010 | H14: 40010 | I14: {=_xludf.IFNA(INDEX(Sheet6!I:I, MATCH($E14, Sheet6!$E:$E, 0)),"N/A")} -> #NAME? | J14: {=_xludf.IFNA(INDEX(Sheet6!J:J, MATCH($E14, Sheet6!$E:$E, 0)),"N/A")} -> #NAME? | K14: {=_xludf.IFNA(INDEX(Sheet6!K:K, MATCH($E14, Sheet6!$E:$E, 0)),"N/A")} -> #NAME? | L14: {=_xludf.IFNA(INDEX(Sheet6!L:L, MATCH($E14, Sheet6!$E:$E, 0)),"N/A")} -> #NAME? | M14: {=_xludf.IFNA(INDEX(Sheet6!M:M, MATCH($E14, Sheet6!$E:$E, 0)),"N/A")} -> #NAME? | N14: {=_xludf.IFNA(INDEX(Sheet6!N:N, MATCH($E14, Sheet6!$E:$E, 0)),"N/A")} -> #NAME? | O14: RECKLESS IMPRUDENCE RESULTING TO LESS SERIOUS PHYSICAL INJURIES | P14: {=_xludf.IFNA(INDEX(Sheet6!P:P, MATCH($E14, Sheet6!$E:$E, 0)),"N/A")} -> #NAME? | Q14: {=_xludf.IFNA(INDEX(Sheet6!Q:Q, MATCH($E14, Sheet6!$E:$E, 0)),"N/A")} -> #NAME? | R14: {=_xludf.IFNA(INDEX(Sheet6!R:R, MATCH($E14, Sheet6!$E:$E, 0)),"N/A")} -> #NAME? | S14: {=_xludf.IFNA(INDEX(Sheet6!S:S, MATCH($E14, Sheet6!$E:$E, 0)),"N/A")} -> #NAME? | T14: {=_xludf.IFNA(INDEX(Sheet6!T:T, MATCH($E14, Sheet6!$E:$E, 0)),"N/A")} -> #NAME? | U14: {=_xludf.IFNA(INDEX(Sheet6!U:U, MATCH($E14, Sheet6!$E:$E, 0)),"N/A")} -> #NAME? | V14: {=_xludf.IFNA(INDEX(Sheet6!V:V, MATCH($E14, Sheet6!$E:$E, 0)),"N/A")} -> #NAME? | W14: {=_xludf.IFNA(INDEX(Sheet6!W:W, MATCH($E14, Sheet6!$E:$E, 0)),"N/A")} -> #NAME? | X14: {=_xludf.IFNA(INDEX(Sheet6!X:X, MATCH($E14, Sheet6!$E:$E, 0)),"N/A")} -> #NAME?
... A30: {=_xludf.IFNA(INDEX(Sheet6!A:A, MATCH($E30, Sheet6!$E:$E, 0)),"N/A")} -> #NAME? | B30: {=_xludf.IFNA(INDEX(Sheet6!B:B, MATCH($E30, Sheet6!$E:$E, 0)),"N/A")} -> #NAME? | C30: {=_xludf.IFNA(INDEX(Sheet6!C:C, MATCH($E30, Sheet6!$E:$E, 0)),"N/A")} -> #NAME? | D30: {=_xludf.IFNA(INDEX(Sheet6!D:D, MATCH($E30, Sheet6!$E:$E, 0)),"N/A")} -> #NAME? | E30: 3905 | F30: PEOPLE OF THE PHILIPPINES VS. VILMA MADRAZO | G30: 40280 | H30: 40280 | I30: {=_xludf.IFNA(INDEX(Sheet6!I:I, MATCH($E30, Sheet6!$E:$E, 0)),"N/A")} -> #NAME? | J30: {=_xludf.IFNA(INDEX(Sheet6!J:J, MATCH($E30, Sheet6!$E:$E, 0)),"N/A")} -> #NAME? | K30: {=_xludf.IFNA(INDEX(Sheet6!K:K, MATCH($E30, Sheet6!$E:$E, 0)),"N/A")} -> #NAME? | L30: {=_xludf.IFNA(INDEX(Sheet6!L:L, MATCH($E30, Sheet6!$E:$E, 0)),"N/A")} -> #NAME? | M30: {=_xludf.IFNA(INDEX(Sheet6!M:M, MATCH($E30, Sheet6!$E:$E, 0)),"N/A")} -> #NAME? | N30: {=_xludf.IFNA(INDEX(Sheet6!N:N, MATCH($E30, Sheet6!$E:$E, 0)),"N/A")} -> #NAME? | O30: OTHER FORM OF TRESPASS | P30: {=_xludf.IFNA(INDEX(Sheet6!P:P, MATCH($E30, Sheet6!$E:$E, 0)),"N/A")} -> #NAME? | Q30: {=_xludf.IFNA(INDEX(Sheet6!Q:Q, MATCH($E30, Sheet6!$E:$E, 0)),"N/A")} -> #NAME? | R30: {=_xludf.IFNA(INDEX(Sheet6!R:R, MATCH($E30, Sheet6!$E:$E, 0)),"N/A")} -> #NAME? | S30: {=_xludf.IFNA(INDEX(Sheet6!S:S, MATCH($E30, Sheet6!$E:$E, 0)),"N/A")} -> #NAME? | T30: {=_xludf.IFNA(INDEX(Sheet6!T:T, MATCH($E30, Sheet6!$E:$E, 0)),"N/A")} -> #NAME? | U30: {=_xludf.IFNA(INDEX(Sheet6!U:U, MATCH($E30, Sheet6!$E:$E, 0)),"N/A")} -> #NAME? | V30: {=_xludf.IFNA(INDEX(Sheet6!V:V, MATCH($E30, Sheet6!$E:$E, 0)),"N/A")} -> #NAME? | W30: {=_xludf.IFNA(INDEX(Sheet6!W:W, MATCH($E30, Sheet6!$E:$E, 0)),"N/A")} -> #NAME? | X30: {=_xludf.IFNA(INDEX(Sheet6!X:X, MATCH($E30, Sheet6!$E:$E, 0)),"N/A")} -> #NAME?
A31: {=_xludf.IFNA(INDEX(Sheet6!A:A, MATCH($E31, Sheet6!$E:$E, 0)),"N/A")} -> #NAME? | B31: {=_xludf.IFNA(INDEX(Sheet6!B:B, MATCH($E31, Sheet6!$E:$E, 0)),"N/A")} -> #NAME? | C31: {=_xludf.IFNA(INDEX(Sheet6!C:C, MATCH($E31, Sheet6!$E:$E, 0)),"N/A")} -> #NAME? | D31: {=_xludf.IFNA(INDEX(Sheet6!D:D, MATCH($E31, Sheet6!$E:$E, 0)),"N/A")} -> #NAME? | E31: 3906 | F31: PEOPLE OF THE PHILIPPINES VS. CHARLITO BADAJOS Y OCHETE | G31: 40380 | H31: 40380 | I31: {=_xludf.IFNA(INDEX(Sheet6!I:I, MATCH($E31, Sheet6!$E:$E, 0)),"N/A")} -> #NAME? | J31: {=_xludf.IFNA(INDEX(Sheet6!J:J, MATCH($E31, Sheet6!$E:$E, 0)),"N/A")} -> #NAME? | K31: {=_xludf.IFNA(INDEX(Sheet6!K:K, MATCH($E31, Sheet6!$E:$E, 0)),"N/A")} -> #NAME? | L31: {=_xludf.IFNA(INDEX(Sheet6!L:L, MATCH($E31, Sheet6!$E:$E, 0)),"N/A")} -> #NAME? | M31: {=_xludf.IFNA(INDEX(Sheet6!M:M, MATCH($E31, Sheet6!$E:$E, 0)),"N/A")} -> #NAME? | N31: {=_xludf.IFNA(INDEX(Sheet6!N:N, MATCH($E31, Sheet6!$E:$E, 0)),"N/A")} -> #NAME? | P31: {=_xludf.IFNA(INDEX(Sheet6!P:P, MATCH($E31, Sheet6!$E:$E, 0)),"N/A")} -> #NAME? | Q31: {=_xludf.IFNA(INDEX(Sheet6!Q:Q, MATCH($E31, Sheet6!$E:$E, 0)),"N/A")} -> #NAME? | R31: {=_xludf.IFNA(INDEX(Sheet6!R:R, MATCH($E31, Sheet6!$E:$E, 0)),"N/A")} -> #NAME? | S31: {=_xludf.IFNA(INDEX(Sheet6!S:S, MATCH($E31, Sheet6!$E:$E, 0)),"N/A")} -> #NAME? | T31: {=_xludf.IFNA(INDEX(Sheet6!T:T, MATCH($E31, Sheet6!$E:$E, 0)),"N/A")} -> #NAME? | U31: {=_xludf.IFNA(INDEX(Sheet6!U:U, MATCH($E31, Sheet6!$E:$E, 0)),"N/A")} -> #NAME? | V31: {=_xludf.IFNA(INDEX(Sheet6!V:V, MATCH($E31, Sheet6!$E:$E, 0)),"N/A")} -> #NAME? | W31: {=_xludf.IFNA(INDEX(Sheet6!W:W, MATCH($E31, Sheet6!$E:$E, 0)),"N/A")} -> #NAME? | X31: {=_xludf.IFNA(INDEX(Sheet6!X:X, MATCH($E31, Sheet6!$E:$E, 0)),"N/A")} -> #NAME?
A32: {=_xludf.IFNA(INDEX(Sheet6!A:A, MATCH($E32, Sheet6!$E:$E, 0)),"N/A")} -> #NAME? | B32: {=_xludf.IFNA(INDEX(Sheet6!B:B, MATCH($E32, Sheet6!$E:$E, 0)),"N/A")} -> #NAME? | C32: {=_xludf.IFNA(INDEX(Sheet6!C:C, MATCH($E32, Sheet6!$E:$E, 0)),"N/A")} -> #NAME? | D32: {=_xludf.IFNA(INDEX(Sheet6!D:D, MATCH($E32, Sheet6!$E:$E, 0)),"N/A")} -> #NAME? | E32: 3907 | F32: PEOPLE OF THE PHILIPPINES VS. OCITE DEVERA | G32: 40297 | H32: 40297 | I32: {=_xludf.IFNA(INDEX(Sheet6!I:I, MATCH($E32, Sheet6!$E:$E, 0)),"N/A")} -> #NAME? | J32: {=_xludf.IFNA(INDEX(Sheet6!J:J, MATCH($E32, Sheet6!$E:$E, 0)),"N/A")} -> #NAME? | K32: {=_xludf.IFNA(INDEX(Sheet6!K:K, MATCH($E32, Sheet6!$E:$E, 0)),"N/A")} -> #NAME? | L32: {=_xludf.IFNA(INDEX(Sheet6!L:L, MATCH($E32, Sheet6!$E:$E, 0)),"N/A")} -> #NAME? | M32: {=_xludf.IFNA(INDEX(Sheet6!M:M, MATCH($E32, Sheet6!$E:$E, 0)),"N/A")} -> #NAME? | N32: {=_xludf.IFNA(INDEX(Sheet6!N:N, MATCH($E32, Sheet6!$E:$E, 0)),"N/A")} -> #NAME? | O32: MALICIOUS MISCHIEF | P32: {=_xludf.IFNA(INDEX(Sheet6!P:P, MATCH($E32, Sheet6!$E:$E, 0)),"N/A")} -> #NAME? | Q32: {=_xludf.IFNA(INDEX(Sheet6!Q:Q, MATCH($E32, Sheet6!$E:$E, 0)),"N/A")} -> #NAME? | R32: {=_xludf.IFNA(INDEX(Sheet6!R:R, MATCH($E32, Sheet6!$E:$E, 0)),"N/A")} -> #NAME? | S32: {=_xludf.IFNA(INDEX(Sheet6!S:S, MATCH($E32, Sheet6!$E:$E, 0)),"N/A")} -> #NAME? | T32: {=_xludf.IFNA(INDEX(Sheet6!T:T, MATCH($E32, Sheet6!$E:$E, 0)),"N/A")} -> #NAME? | U32: {=_xludf.IFNA(INDEX(Sheet6!U:U, MATCH($E32, Sheet6!$E:$E, 0)),"N/A")} -> #NAME? | V32: {=_xludf.IFNA(INDEX(Sheet6!V:V, MATCH($E32, Sheet6!$E:$E, 0)),"N/A")} -> #NAME? | W32: {=_xludf.IFNA(INDEX(Sheet6!W:W, MATCH($E32, Sheet6!$E:$E, 0)),"N/A")} -> #NAME? | X32: {=_xludf.IFNA(INDEX(Sheet6!X:X, MATCH($E32, Sheet6!$E:$E, 0)),"N/A")} -> #NAME?
A33: {=_xludf.IFNA(INDEX(Sheet6!A:A, MATCH($E33, Sheet6!$E:$E, 0)),"N/A")} -> #NAME? | B33: {=_xludf.IFNA(INDEX(Sheet6!B:B, MATCH($E33, Sheet6!$E:$E, 0)),"N/A")} -> #NAME? | C33: {=_xludf.IFNA(INDEX(Sheet6!C:C, MATCH($E33, Sheet6!$E:$E, 0)),"N/A")} -> #NAME? | D33: {=_xludf.IFNA(INDEX(Sheet6!D:D, MATCH($E33, Sheet6!$E:$E, 0)),"N/A")} -> #NAME? | E33: 3908 | F33: PEOPLE OF THE PHILIPPINES VS. BERNABE PUNAS | G33: 40304 | H33: 40304 | I33: {=_xludf.IFNA(INDEX(Sheet6!I:I, MATCH($E33, Sheet6!$E:$E, 0)),"N/A")} -> #NAME? | J33: {=_xludf.IFNA(INDEX(Sheet6!J:J, MATCH($E33, Sheet6!$E:$E, 0)),"N/A")} -> #NAME? | K33: {=_xludf.IFNA(INDEX(Sheet6!K:K, MATCH($E33, Sheet6!$E:$E, 0)),"N/A")} -> #NAME? | L33: {=_xludf.IFNA(INDEX(Sheet6!L:L, MATCH($E33, Sheet6!$E:$E, 0)),"N/A")} -> #NAME? | M33: {=_xludf.IFNA(INDEX(Sheet6!M:M, MATCH($E33, Sheet6!$E:$E, 0)),"N/A")} -> #NAME? | N33: {=_xludf.IFNA(INDEX(Sheet6!N:N, MATCH($E33, Sheet6!$E:$E, 0)),"N/A")} -> #NAME? | O33: ATTEMPTED HOMICIDE | P33: {=_xludf.IFNA(INDEX(Sheet6!P:P, MATCH($E33, Sheet6!$E:$E, 0)),"N/A")} -> #NAME? | Q33: {=_xludf.IFNA(INDEX(Sheet6!Q:Q, MATCH($E33, Sheet6!$E:$E, 0)),"N/A")} -> #NAME? | R33: {=_xludf.IFNA(INDEX(Sheet6!R:R, MATCH($E33, Sheet6!$E:$E, 0)),"N/A")} -> #NAME? | S33: {=_xludf.IFNA(INDEX(Sheet6!S:S, MATCH($E33, Sheet6!$E:$E, 0)),"N/A")} -> #NAME? | T33: {=_xludf.IFNA(INDEX(Sheet6!T:T, MATCH($E33, Sheet6!$E:$E, 0)),"N/A")} -> #NAME? | U33: {=_xludf.IFNA(INDEX(Sheet6!U:U, MATCH($E33, Sheet6!$E:$E, 0)),"N/A")} -> #NAME? | V33: {=_xludf.IFNA(INDEX(Sheet6!V:V, MATCH($E33, Sheet6!$E:$E, 0)),"N/A")} -> #NAME? | W33: {=_xludf.IFNA(INDEX(Sheet6!W:W, MATCH($E33, Sheet6!$E:$E, 0)),"N/A")} -> #NAME? | X33: {=_xludf.IFNA(INDEX(Sheet6!X:X, MATCH($E33, Sheet6!$E:$E, 0)),"N/A")} -> #NAME?
A34: {=_xludf.IFNA(INDEX(Sheet6!A:A, MATCH($E34, Sheet6!$E:$E, 0)),"N/A")} -> #NAME? | B34: {=_xludf.IFNA(INDEX(Sheet6!B:B, MATCH($E34, Sheet6!$E:$E, 0)),"N/A")} -> #NAME? | C34: {=_xludf.IFNA(INDEX(Sheet6!C:C, MATCH($E34, Sheet6!$E:$E, 0)),"N/A")} -> #NAME? | D34: {=_xludf.IFNA(INDEX(Sheet6!D:D, MATCH($E34, Sheet6!$E:$E, 0)),"N/A")} -> #NAME? | E34: 3909 | F34: PEOPLE OF THE PHILIPPINES VS. NICOLE WILSON TAGHOP | G34: 40319 | H34: 40319 | I34: {=_xludf.IFNA(INDEX(Sheet6!I:I, MATCH($E34, Sheet6!$E:$E, 0)),"N/A")} -> #NAME? | J34: {=_xludf.IFNA(INDEX(Sheet6!J:J, MATCH($E34, Sheet6!$E:$E, 0)),"N/A")} -> #NAME? | K34: {=_xludf.IFNA(INDEX(Sheet6!K:K, MATCH($E34, Sheet6!$E:$E, 0)),"N/A")} -> #NAME? | L34: {=_xludf.IFNA(INDEX(Sheet6!L:L, MATCH($E34, Sheet6!$E:$E, 0)),"N/A")} -> #NAME? | M34: {=_xludf.IFNA(INDEX(Sheet6!M:M, MATCH($E34, Sheet6!$E:$E, 0)),"N/A")} -> #NAME? | N34: {=_xludf.IFNA(INDEX(Sheet6!N:N, MATCH($E34, Sheet6!$E:$E, 0)),"N/A")} -> #NAME? | O34: RECKLESS IMPRUDENCE RESULTING TO LESS SERIOUS PYSICAL INJURIES & DAMAGE TO PROPERTY | P34: {=_xludf.IFNA(INDEX(Sheet6!P:P, MATCH($E34, Sheet6!$E:$E, 0)),"N/A")} -> #NAME? | Q34: {=_xludf.IFNA(INDEX(Sheet6!Q:Q, MATCH($E34, Sheet6!$E:$E, 0)),"N/A")} -> #NAME? | R34: {=_xludf.IFNA(INDEX(Sheet6!R:R, MATCH($E34, Sheet6!$E:$E, 0)),"N/A")} -> #NAME? | S34: {=_xludf.IFNA(INDEX(Sheet6!S:S, MATCH($E34, Sheet6!$E:$E, 0)),"N/A")} -> #NAME? | T34: {=_xludf.IFNA(INDEX(Sheet6!T:T, MATCH($E34, Sheet6!$E:$E, 0)),"N/A")} -> #NAME? | U34: {=_xludf.IFNA(INDEX(Sheet6!U:U, MATCH($E34, Sheet6!$E:$E, 0)),"N/A")} -> #NAME? | V34: {=_xludf.IFNA(INDEX(Sheet6!V:V, MATCH($E34, Sheet6!$E:$E, 0)),"N/A")} -> #NAME? | W34: {=_xludf.IFNA(INDEX(Sheet6!W:W, MATCH($E34, Sheet6!$E:$E, 0)),"N/A")} -> #NAME? | X34: {=_xludf.IFNA(INDEX(Sheet6!X:X, MATCH($E34, Sheet6!$E:$E, 0)),"N/A")} -> #NAME?
A35: {=_xludf.IFNA(INDEX(Sheet6!A:A, MATCH($E35, Sheet6!$E:$E, 0)),"N/A")} -> #NAME? | B35: {=_xludf.IFNA(INDEX(Sheet6!B:B, MATCH($E35, Sheet6!$E:$E, 0)),"N/A")} -> #NAME? | C35: {=_xludf.IFNA(INDEX(Sheet6!C:C, MATCH($E35, Sheet6!$E:$E, 0)),"N/A")} -> #NAME? | D35: {=_xludf.IFNA(INDEX(Sheet6!D:D, MATCH($E35, Sheet6!$E:$E, 0)),"N/A")} -> #NAME? | E35: 3910 | F35: PEOPLE OF THE PHILIPPINES VS. ROGELIO PAGARAN Y CAGAS | G35: 40324 | H35: 40324 | I35: {=_xludf.IFNA(INDEX(Sheet6!I:I, MATCH($E35, Sheet6!$E:$E, 0)),"N/A")} -> #NAME? | J35: {=_xludf.IFNA(INDEX(Sheet6!J:J, MATCH($E35, Sheet6!$E:$E, 0)),"N/A")} -> #NAME? | K35: {=_xludf.IFNA(INDEX(Sheet6!K:K, MATCH($E35, Sheet6!$E:$E, 0)),"N/A")} -> #NAME? | L35: {=_xludf.IFNA(INDEX(Sheet6!L:L, MATCH($E35, Sheet6!$E:$E, 0)),"N/A")} -> #NAME? | M35: {=_xludf.IFNA(INDEX(Sheet6!M:M, MATCH($E35, Sheet6!$E:$E, 0)),"N/A")} -> #NAME? | N35: {=_xludf.IFNA(INDEX(Sheet6!N:N, MATCH($E35, Sheet6!$E:$E, 0)),"N/A")} -> #NAME? | O35: ATTEMPTED HOMICIDE | P35: {=_xludf.IFNA(INDEX(Sheet6!P:P, MATCH($E35, Sheet6!$E:$E, 0)),"N/A")} -> #NAME? | Q35: {=_xludf.IFNA(INDEX(Sheet6!Q:Q, MATCH($E35, Sheet6!$E:$E, 0)),"N/A")} -> #NAME? | R35: {=_xludf.IFNA(INDEX(Sheet6!R:R, MATCH($E35, Sheet6!$E:$E, 0)),"N/A")} -> #NAME? | S35: {=_xludf.IFNA(INDEX(Sheet6!S:S, MATCH($E35, Sheet6!$E:$E, 0)),"N/A")} -> #NAME? | T35: {=_xludf.IFNA(INDEX(Sheet6!T:T, MATCH($E35, Sheet6!$E:$E, 0)),"N/A")} -> #NAME? | U35: {=_xludf.IFNA(INDEX(Sheet6!U:U, MATCH($E35, Sheet6!$E:$E, 0)),"N/A")} -> #NAME? | V35: {=_xludf.IFNA(INDEX(Sheet6!V:V, MATCH($E35, Sheet6!$E:$E, 0)),"N/A")} -> #NAME? | W35: {=_xludf.IFNA(INDEX(Sheet6!W:W, MATCH($E35, Sheet6!$E:$E, 0)),"N/A")} -> #NAME? | X35: {=_xludf.IFNA(INDEX(Sheet6!X:X, MATCH($E35, Sheet6!$E:$E, 0)),"N/A")} -> #NAME?
A36: {=_xludf.IFNA(INDEX(Sheet6!A:A, MATCH($E36, Sheet6!$E:$E, 0)),"N/A")} -> #NAME? | B36: {=_xludf.IFNA(INDEX(Sheet6!B:B, MATCH($E36, Sheet6!$E:$E, 0)),"N/A")} -> #NAME? | C36: {=_xludf.IFNA(INDEX(Sheet6!C:C, MATCH($E36, Sheet6!$E:$E, 0)),"N/A")} -> #NAME? | D36: {=_xludf.IFNA(INDEX(Sheet6!D:D, MATCH($E36, Sheet6!$E:$E, 0)),"N/A")} -> #NAME? | E36: 3911 | F36: PEOPLE OF THE PHILIPPINES VS. ROBERT PAUL COPELAND | G36: 40333 | H36: 40333 | I36: {=_xludf.IFNA(INDEX(Sheet6!I:I, MATCH($E36, Sheet6!$E:$E, 0)),"N/A")} -> #NAME? | J36: {=_xludf.IFNA(INDEX(Sheet6!J:J, MATCH($E36, Sheet6!$E:$E, 0)),"N/A")} -> #NAME? | K36: {=_xludf.IFNA(INDEX(Sheet6!K:K, MATCH($E36, Sheet6!$E:$E, 0)),"N/A")} -> #NAME? | L36: {=_xludf.IFNA(INDEX(Sheet6!L:L, MATCH($E36, Sheet6!$E:$E, 0)),"N/A")} -> #NAME? | M36: {=_xludf.IFNA(INDEX(Sheet6!M:M, MATCH($E36, Sheet6!$E:$E, 0)),"N/A")} -> #NAME? | N36: {=_xludf.IFNA(INDEX(Sheet6!N:N, MATCH($E36, Sheet6!$E:$E, 0)),"N/A")} -> #NAME? | O36: DIRECT ASSAULT OF A PERSON IN AUTHORITY | P36: {=_xludf.IFNA(INDEX(Sheet6!P:P, MATCH($E36, Sheet6!$E:$E, 0)),"N/A")} -> #NAME? | Q36: {=_xludf.IFNA(INDEX(Sheet6!Q:Q, MATCH($E36, Sheet6!$E:$E, 0)),"N/A")} -> #NAME? | R36: {=_xludf.IFNA(INDEX(Sheet6!R:R, MATCH($E36, Sheet6!$E:$E, 0)),"N/A")} -> #NAME? | S36: {=_xludf.IFNA(INDEX(Sheet6!S:S, MATCH($E36, Sheet6!$E:$E, 0)),"N/A")} -> #NAME? | T36: {=_xludf.IFNA(INDEX(Sheet6!T:T, MATCH($E36, Sheet6!$E:$E, 0)),"N/A")} -> #NAME? | U36: {=_xludf.IFNA(INDEX(Sheet6!U:U, MATCH($E36, Sheet6!$E:$E, 0)),"N/A")} -> #NAME? | V36: {=_xludf.IFNA(INDEX(Sheet6!V:V, MATCH($E36, Sheet6!$E:$E, 0)),"N/A")} -> #NAME? | W36: {=_xludf.IFNA(INDEX(Sheet6!W:W, MATCH($E36, Sheet6!$E:$E, 0)),"N/A")} -> #NAME? | X36: {=_xludf.IFNA(INDEX(Sheet6!X:X, MATCH($E36, Sheet6!$E:$E, 0)),"N/A")} -> #NAME?
A37: {=_xludf.IFNA(INDEX(Sheet6!A:A, MATCH($E37, Sheet6!$E:$E, 0)),"N/A")} -> #NAME? | B37: {=_xludf.IFNA(INDEX(Sheet6!B:B, MATCH($E37, Sheet6!$E:$E, 0)),"N/A")} -> #NAME? | C37: {=_xludf.IFNA(INDEX(Sheet6!C:C, MATCH($E37, Sheet6!$E:$E, 0)),"N/A")} -> #NAME? | D37: {=_xludf.IFNA(INDEX(Sheet6!D:D, MATCH($E37, Sheet6!$E:$E, 0)),"N/A")} -> #NAME? | E37: 3912 | F37: PEOPLE OF THE PHILIPPINES VS. ROBERT PAUL COPELAND | G37: 40333 | H37: 40333 | I37: {=_xludf.IFNA(INDEX(Sheet6!I:I, MATCH($E37, Sheet6!$E:$E, 0)),"N/A")} -> #NAME? | J37: {=_xludf.IFNA(INDEX(Sheet6!J:J, MATCH($E37, Sheet6!$E:$E, 0)),"N/A")} -> #NAME? | K37: {=_xludf.IFNA(INDEX(Sheet6!K:K, MATCH($E37, Sheet6!$E:$E, 0)),"N/A")} -> #NAME? | L37: {=_xludf.IFNA(INDEX(Sheet6!L:L, MATCH($E37, Sheet6!$E:$E, 0)),"N/A")} -> #NAME? | M37: {=_xludf.IFNA(INDEX(Sheet6!M:M, MATCH($E37, Sheet6!$E:$E, 0)),"N/A")} -> #NAME? | N37: {=_xludf.IFNA(INDEX(Sheet6!N:N, MATCH($E37, Sheet6!$E:$E, 0)),"N/A")} -> #NAME? | O37: RESISTANCE & DISOBEDIENCE TO AN AGENT OF A PERSON IN AUTHORITY | P37: {=_xludf.IFNA(INDEX(Sheet6!P:P, MATCH($E37, Sheet6!$E:$E, 0)),"N/A")} -> #NAME? | Q37: {=_xludf.IFNA(INDEX(Sheet6!Q:Q, MATCH($E37, Sheet6!$E:$E, 0)),"N/A")} -> #NAME? | R37: {=_xludf.IFNA(INDEX(Sheet6!R:R, MATCH($E37, Sheet6!$E:$E, 0)),"N/A")} -> #NAME? | S37: {=_xludf.IFNA(INDEX(Sheet6!S:S, MATCH($E37, Sheet6!$E:$E, 0)),"N/A")} -> #NAME? | T37: {=_xludf.IFNA(INDEX(Sheet6!T:T, MATCH($E37, Sheet6!$E:$E, 0)),"N/A")} -> #NAME? | U37: {=_xludf.IFNA(INDEX(Sheet6!U:U, MATCH($E37, Sheet6!$E:$E, 0)),"N/A")} -> #NAME? | V37: {=_xludf.IFNA(INDEX(Sheet6!V:V, MATCH($E37, Sheet6!$E:$E, 0)),"N/A")} -> #NAME? | W37: {=_xludf.IFNA(INDEX(Sheet6!W:W, MATCH($E37, Sheet6!$E:$E, 0)),"N/A")} -> #NAME? | X37: {=_xludf.IFNA(INDEX(Sheet6!X:X, MATCH($E37, Sheet6!$E:$E, 0)),"N/A")} -> #NAME?
A38: {=_xludf.IFNA(INDEX(Sheet6!A:A, MATCH($E38, Sheet6!$E:$E, 0)),"N/A")} -> #NAME? | B38: {=_xludf.IFNA(INDEX(Sheet6!B:B, MATCH($E38, Sheet6!$E:$E, 0)),"N/A")} -> #NAME? | C38: {=_xludf.IFNA(INDEX(Sheet6!C:C, MATCH($E38, Sheet6!$E:$E, 0)),"N/A")} -> #NAME? | D38: {=_xludf.IFNA(INDEX(Sheet6!D:D, MATCH($E38, Sheet6!$E:$E, 0)),"N/A")} -> #NAME? | E38: 3913 | F38: PEOPLE OF THE PHILIPPINES VS. CARLITO DE ASIS | G38: 40338 | H38: 40338 | I38: {=_xludf.IFNA(INDEX(Sheet6!I:I, MATCH($E38, Sheet6!$E:$E, 0)),"N/A")} -> #NAME? | J38: {=_xludf.IFNA(INDEX(Sheet6!J:J, MATCH($E38, Sheet6!$E:$E, 0)),"N/A")} -> #NAME? | K38: {=_xludf.IFNA(INDEX(Sheet6!K:K, MATCH($E38, Sheet6!$E:$E, 0)),"N/A")} -> #NAME? | L38: {=_xludf.IFNA(INDEX(Sheet6!L:L, MATCH($E38, Sheet6!$E:$E, 0)),"N/A")} -> #NAME? | M38: {=_xludf.IFNA(INDEX(Sheet6!M:M, MATCH($E38, Sheet6!$E:$E, 0)),"N/A")} -> #NAME? | N38: {=_xludf.IFNA(INDEX(Sheet6!N:N, MATCH($E38, Sheet6!$E:$E, 0)),"N/A")} -> #NAME? | O38: OTHER FORM OF TRESPASS | P38: {=_xludf.IFNA(INDEX(Sheet6!P:P, MATCH($E38, Sheet6!$E:$E, 0)),"N/A")} -> #NAME? | Q38: {=_xludf.IFNA(INDEX(Sheet6!Q:Q, MATCH($E38, Sheet6!$E:$E, 0)),"N/A")} -> #NAME? | R38: {=_xludf.IFNA(INDEX(Sheet6!R:R, MATCH($E38, Sheet6!$E:$E, 0)),"N/A")} -> #NAME? | S38: {=_xludf.IFNA(INDEX(Sheet6!S:S, MATCH($E38, Sheet6!$E:$E, 0)),"N/A")} -> #NAME? | T38: {=_xludf.IFNA(INDEX(Sheet6!T:T, MATCH($E38, Sheet6!$E:$E, 0)),"N/A")} -> #NAME? | U38: {=_xludf.IFNA(INDEX(Sheet6!U:U, MATCH($E38, Sheet6!$E:$E, 0)),"N/A")} -> #NAME? | V38: {=_xludf.IFNA(INDEX(Sheet6!V:V, MATCH($E38, Sheet6!$E:$E, 0)),"N/A")} -> #NAME? | W38: {=_xludf.IFNA(INDEX(Sheet6!W:W, MATCH($E38, Sheet6!$E:$E, 0)),"N/A")} -> #NAME? | X38: {=_xludf.IFNA(INDEX(Sheet6!X:X, MATCH($E38, Sheet6!$E:$E, 0)),"N/A")} -> #NAME?
A39: {=_xludf.IFNA(INDEX(Sheet6!A:A, MATCH($E39, Sheet6!$E:$E, 0)),"N/A")} -> #NAME? | B39: {=_xludf.IFNA(INDEX(Sheet6!B:B, MATCH($E39, Sheet6!$E:$E, 0)),"N/A")} -> #NAME? | C39: {=_xludf.IFNA(INDEX(Sheet6!C:C, MATCH($E39, Sheet6!$E:$E, 0)),"N/A")} -> #NAME? | D39: {=_xludf.IFNA(INDEX(Sheet6!D:D, MATCH($E39, Sheet6!$E:$E, 0)),"N/A")} -> #NAME? | E39: 3914 | F39: PEOPLE OF THE PHILIPPINES VS. CRISTINA RACIONERO Y PELINO | G39: 40364 | H39: 40364 | I39: {=_xludf.IFNA(INDEX(Sheet6!I:I, MATCH($E39, Sheet6!$E:$E, 0)),"N/A")} -> #NAME? | J39: {=_xludf.IFNA(INDEX(Sheet6!J:J, MATCH($E39, Sheet6!$E:$E, 0)),"N/A")} -> #NAME? | K39: {=_xludf.IFNA(INDEX(Sheet6!K:K, MATCH($E39, Sheet6!$E:$E, 0)),"N/A")} -> #NAME? | L39: {=_xludf.IFNA(INDEX(Sheet6!L:L, MATCH($E39, Sheet6!$E:$E, 0)),"N/A")} -> #NAME? | M39: {=_xludf.IFNA(INDEX(Sheet6!M:M, MATCH($E39, Sheet6!$E:$E, 0)),"N/A")} -> #NAME? | N39: {=_xludf.IFNA(INDEX(Sheet6!N:N, MATCH($E39, Sheet6!$E:$E, 0)),"N/A")} -> #NAME? | O39: SIMPLE IMPRUDENCE RESULTING TO DAMAGE TO PROPERTY | P39: {=_xludf.IFNA(INDEX(Sheet6!P:P, MATCH($E39, Sheet6!$E:$E, 0)),"N/A")} -> #NAME? | Q39: {=_xludf.IFNA(INDEX(Sheet6!Q:Q, MATCH($E39, Sheet6!$E:$E, 0)),"N/A")} -> #NAME? | R39: {=_xludf.IFNA(INDEX(Sheet6!R:R, MATCH($E39, Sheet6!$E:$E, 0)),"N/A")} -> #NAME? | S39: {=_xludf.IFNA(INDEX(Sheet6!S:S, MATCH($E39, Sheet6!$E:$E, 0)),"N/A")} -> #NAME? | T39: {=_xludf.IFNA(INDEX(Sheet6!T:T, MATCH($E39, Sheet6!$E:$E, 0)),"N/A")} -> #NAME? | U39: {=_xludf.IFNA(INDEX(Sheet6!U:U, MATCH($E39, Sheet6!$E:$E, 0)),"N/A")} -> #NAME? | V39: {=_xludf.IFNA(INDEX(Sheet6!V:V, MATCH($E39, Sheet6!$E:$E, 0)),"N/A")} -> #NAME? | W39: {=_xludf.IFNA(INDEX(Sheet6!W:W, MATCH($E39, Sheet6!$E:$E, 0)),"N/A")} -> #NAME? | X39: {=_xludf.IFNA(INDEX(Sheet6!X:X, MATCH($E39, Sheet6!$E:$E, 0)),"N/A")} -> #NAME?
A40: {=_xludf.IFNA(INDEX(Sheet6!A:A, MATCH($E40, Sheet6!$E:$E, 0)),"N/A")} -> #NAME? | B40: {=_xludf.IFNA(INDEX(Sheet6!B:B, MATCH($E40, Sheet6!$E:$E, 0)),"N/A")} -> #NAME? | C40: {=_xludf.IFNA(INDEX(Sheet6!C:C, MATCH($E40, Sheet6!$E:$E, 0)),"N/A")} -> #NAME? | D40: {=_xludf.IFNA(INDEX(Sheet6!D:D, MATCH($E40, Sheet6!$E:$E, 0)),"N/A")} -> #NAME? | E40: 3915 | F40: PEOPLE OF THE PHILIPPINES VS. CHARLITO SARABIA AKA CALOY | G40: 40395 | H40: 40395 | I40: {=_xludf.IFNA(INDEX(Sheet6!I:I, MATCH($E40, Sheet6!$E:$E, 0)),"N/A")} -> #NAME? | J40: {=_xludf.IFNA(INDEX(Sheet6!J:J, MATCH($E40, Sheet6!$E:$E, 0)),"N/A")} -> #NAME? | K40: {=_xludf.IFNA(INDEX(Sheet6!K:K, MATCH($E40, Sheet6!$E:$E, 0)),"N/A")} -> #NAME? | L40: {=_xludf.IFNA(INDEX(Sheet6!L:L, MATCH($E40, Sheet6!$E:$E, 0)),"N/A")} -> #NAME? | M40: {=_xludf.IFNA(INDEX(Sheet6!M:M, MATCH($E40, Sheet6!$E:$E, 0)),"N/A")} -> #NAME? | N40: {=_xludf.IFNA(INDEX(Sheet6!N:N, MATCH($E40, Sheet6!$E:$E, 0)),"N/A")} -> #NAME? | O40: MALICIOUS MISCHIEF | P40: {=_xludf.IFNA(INDEX(Sheet6!P:P, MATCH($E40, Sheet6!$E:$E, 0)),"N/A")} -> #NAME? | Q40: {=_xludf.IFNA(INDEX(Sheet6!Q:Q, MATCH($E40, Sheet6!$E:$E, 0)),"N/A")} -> #NAME? | R40: {=_xludf.IFNA(INDEX(Sheet6!R:R, MATCH($E40, Sheet6!$E:$E, 0)),"N/A")} -> #NAME? | S40: {=_xludf.IFNA(INDEX(Sheet6!S:S, MATCH($E40, Sheet6!$E:$E, 0)),"N/A")} -> #NAME? | T40: {=_xludf.IFNA(INDEX(Sheet6!T:T, MATCH($E40, Sheet6!$E:$E, 0)),"N/A")} -> #NAME? | U40: {=_xludf.IFNA(INDEX(Sheet6!U:U, MATCH($E40, Sheet6!$E:$E, 0)),"N/A")} -> #NAME? | V40: {=_xludf.IFNA(INDEX(Sheet6!V:V, MATCH($E40, Sheet6!$E:$E, 0)),"N/A")} -> #NAME? | W40: {=_xludf.IFNA(INDEX(Sheet6!W:W, MATCH($E40, Sheet6!$E:$E, 0)),"N/A")} -> #NAME? | X40: {=_xludf.IFNA(INDEX(Sheet6!X:X, MATCH($E40, Sheet6!$E:$E, 0)),"N/A")} -> #NAME?
A41: {=_xludf.IFNA(INDEX(Sheet6!A:A, MATCH($E41, Sheet6!$E:$E, 0)),"N/A")} -> #NAME? | B41: {=_xludf.IFNA(INDEX(Sheet6!B:B, MATCH($E41, Sheet6!$E:$E, 0)),"N/A")} -> #NAME? | C41: {=_xludf.IFNA(INDEX(Sheet6!C:C, MATCH($E41, Sheet6!$E:$E, 0)),"N/A")} -> #NAME? | D41: {=_xludf.IFNA(INDEX(Sheet6!D:D, MATCH($E41, Sheet6!$E:$E, 0)),"N/A")} -> #NAME? | E41: 3916 | F41: PEOPLE OF THE PHILIPPINES VS. CHARLITO SARABIA AKA CALOY, JONATHAN ENCENADA & JOHN ERIC BAUTISTA | G41: 40395 | H41: 40395 | I41: {=_xludf.IFNA(INDEX(Sheet6!I:I, MATCH($E41, Sheet6!$E:$E, 0)),"N/A")} -> #NAME? | J41: {=_xludf.IFNA(INDEX(Sheet6!J:J, MATCH($E41, Sheet6!$E:$E, 0)),"N/A")} -> #NAME? | K41: {=_xludf.IFNA(INDEX(Sheet6!K:K, MATCH($E41, Sheet6!$E:$E, 0)),"N/A")} -> #NAME? | L41: {=_xludf.IFNA(INDEX(Sheet6!L:L, MATCH($E41, Sheet6!$E:$E, 0)),"N/A")} -> #NAME? | M41: {=_xludf.IFNA(INDEX(Sheet6!M:M, MATCH($E41, Sheet6!$E:$E, 0)),"N/A")} -> #NAME? | N41: {=_xludf.IFNA(INDEX(Sheet6!N:N, MATCH($E41, Sheet6!$E:$E, 0)),"N/A")} -> #NAME? | O41: ATTEMPTED HOMICIDE | P41: {=_xludf.IFNA(INDEX(Sheet6!P:P, MATCH($E41, Sheet6!$E:$E, 0)),"N/A")} -> #NAME? | Q41: {=_xludf.IFNA(INDEX(Sheet6!Q:Q, MATCH($E41, Sheet6!$E:$E, 0)),"N/A")} -> #NAME? | R41: {=_xludf.IFNA(INDEX(Sheet6!R:R, MATCH($E41, Sheet6!$E:$E, 0)),"N/A")} -> #NAME? | S41: {=_xludf.IFNA(INDEX(Sheet6!S:S, MATCH($E41, Sheet6!$E:$E, 0)),"N/A")} -> #NAME? | T41: {=_xludf.IFNA(INDEX(Sheet6!T:T, MATCH($E41, Sheet6!$E:$E, 0)),"N/A")} -> #NAME? | U41: {=_xludf.IFNA(INDEX(Sheet6!U:U, MATCH($E41, Sheet6!$E:$E, 0)),"N/A")} -> #NAME? | V41: {=_xludf.IFNA(INDEX(Sheet6!V:V, MATCH($E41, Sheet6!$E:$E, 0)),"N/A")} -> #NAME? | W41: {=_xludf.IFNA(INDEX(Sheet6!W:W, MATCH($E41, Sheet6!$E:$E, 0)),"N/A")} -> #NAME? | X41: {=_xludf.IFNA(INDEX(Sheet6!X:X, MATCH($E41, Sheet6!$E:$E, 0)),"N/A")} -> #NAME?
A42: {=_xludf.IFNA(INDEX(Sheet6!A:A, MATCH($E42, Sheet6!$E:$E, 0)),"N/A")} -> #NAME? | B42: {=_xludf.IFNA(INDEX(Sheet6!B:B, MATCH($E42, Sheet6!$E:$E, 0)),"N/A")} -> #NAME? | C42: {=_xludf.IFNA(INDEX(Sheet6!C:C, MATCH($E42, Sheet6!$E:$E, 0)),"N/A")} -> #NAME? | D42: {=_xludf.IFNA(INDEX(Sheet6!D:D, MATCH($E42, Sheet6!$E:$E, 0)),"N/A")} -> #NAME? | E42: 3917 | F42: PEOPLE OF THE PHILIPPINES VS. CHARLITO SARABIA AKA CALOY, JONATHAN ENCENADA & JOHN ERIC BAUTISTA | G42: 40395 | H42: 40395 | I42: {=_xludf.IFNA(INDEX(Sheet6!I:I, MATCH($E42, Sheet6!$E:$E, 0)),"N/A")} -> #NAME? | J42: {=_xludf.IFNA(INDEX(Sheet6!J:J, MATCH($E42, Sheet6!$E:$E, 0)),"N/A")} -> #NAME? | K42: {=_xludf.IFNA(INDEX(Sheet6!K:K, MATCH($E42, Sheet6!$E:$E, 0)),"N/A")} -> #NAME? | L42: {=_xludf.IFNA(INDEX(Sheet6!L:L, MATCH($E42, Sheet6!$E:$E, 0)),"N/A")} -> #NAME? | M42: {=_xludf.IFNA(INDEX(Sheet6!M:M, MATCH($E42, Sheet6!$E:$E, 0)),"N/A")} -> #NAME? | N42: {=_xludf.IFNA(INDEX(Sheet6!N:N, MATCH($E42, Sheet6!$E:$E, 0)),"N/A")} -> #NAME? | O42: ATTEMPTED HOMICIDE | P42: {=_xludf.IFNA(INDEX(Sheet6!P:P, MATCH($E42, Sheet6!$E:$E, 0)),"N/A")} -> #NAME? | Q42: {=_xludf.IFNA(INDEX(Sheet6!Q:Q, MATCH($E42, Sheet6!$E:$E, 0)),"N/A")} -> #NAME? | R42: {=_xludf.IFNA(INDEX(Sheet6!R:R, MATCH($E42, Sheet6!$E:$E, 0)),"N/A")} -> #NAME? | S42: {=_xludf.IFNA(INDEX(Sheet6!S:S, MATCH($E42, Sheet6!$E:$E, 0)),"N/A")} -> #NAME? | T42: {=_xludf.IFNA(INDEX(Sheet6!T:T, MATCH($E42, Sheet6!$E:$E, 0)),"N/A")} -> #NAME? | U42: {=_xludf.IFNA(INDEX(Sheet6!U:U, MATCH($E42, Sheet6!$E:$E, 0)),"N/A")} -> #NAME? | V42: {=_xludf.IFNA(INDEX(Sheet6!V:V, MATCH($E42, Sheet6!$E:$E, 0)),"N/A")} -> #NAME? | W42: {=_xludf.IFNA(INDEX(Sheet6!W:W, MATCH($E42, Sheet6!$E:$E, 0)),"N/A")} -> #NAME? | X42: {=_xludf.IFNA(INDEX(Sheet6!X:X, MATCH($E42, Sheet6!$E:$E, 0)),"N/A")} -> #NAME?
A43: {=_xludf.IFNA(INDEX(Sheet6!A:A, MATCH($E43, Sheet6!$E:$E, 0)),"N/A")} -> #NAME? | B43: {=_xludf.IFNA(INDEX(Sheet6!B:B, MATCH($E43, Sheet6!$E:$E, 0)),"N/A")} -> #NAME? | C43: {=_xludf.IFNA(INDEX(Sheet6!C:C, MATCH($E43, Sheet6!$E:$E, 0)),"N/A")} -> #NAME? | D43: {=_xludf.IFNA(INDEX(Sheet6!D:D, MATCH($E43, Sheet6!$E:$E, 0)),"N/A")} -> #NAME? | E43: 3918 | F43: PEOPLE OF THE PHILIPPINES VS. JESSIE CABALTERA Y DIZON | G43: 40395 | H43: 40395 | I43: {=_xludf.IFNA(INDEX(Sheet6!I:I, MATCH($E43, Sheet6!$E:$E, 0)),"N/A")} -> #NAME? | J43: {=_xludf.IFNA(INDEX(Sheet6!J:J, MATCH($E43, Sheet6!$E:$E, 0)),"N/A")} -> #NAME? | K43: {=_xludf.IFNA(INDEX(Sheet6!K:K, MATCH($E43, Sheet6!$E:$E, 0)),"N/A")} -> #NAME? | L43: {=_xludf.IFNA(INDEX(Sheet6!L:L, MATCH($E43, Sheet6!$E:$E, 0)),"N/A")} -> #NAME? | M43: {=_xludf.IFNA(INDEX(Sheet6!M:M, MATCH($E43, Sheet6!$E:$E, 0)),"N/A")} -> #NAME? | N43: {=_xludf.IFNA(INDEX(Sheet6!N:N, MATCH($E43, Sheet6!$E:$E, 0)),"N/A")} -> #NAME? | O43: MALICIOUS MISCHIEF | P43: {=_xludf.IFNA(INDEX(Sheet6!P:P, MATCH($E43, Sheet6!$E:$E, 0)),"N/A")} -> #NAME? | Q43: {=_xludf.IFNA(INDEX(Sheet6!Q:Q, MATCH($E43, Sheet6!$E:$E, 0)),"N/A")} -> #NAME? | R43: {=_xludf.IFNA(INDEX(Sheet6!R:R, MATCH($E43, Sheet6!$E:$E, 0)),"N/A")} -> #NAME? | S43: {=_xludf.IFNA(INDEX(Sheet6!S:S, MATCH($E43, Sheet6!$E:$E, 0)),"N/A")} -> #NAME? | T43: {=_xludf.IFNA(INDEX(Sheet6!T:T, MATCH($E43, Sheet6!$E:$E, 0)),"N/A")} -> #NAME? | U43: {=_xludf.IFNA(INDEX(Sheet6!U:U, MATCH($E43, Sheet6!$E:$E, 0)),"N/A")} -> #NAME? | V43: {=_xludf.IFNA(INDEX(Sheet6!V:V, MATCH($E43, Sheet6!$E:$E, 0)),"N/A")} -> #NAME? | W43: {=_xludf.IFNA(INDEX(Sheet6!W:W, MATCH($E43, Sheet6!$E:$E, 0)),"N/A")} -> #NAME? | X43: {=_xludf.IFNA(INDEX(Sheet6!X:X, MATCH($E43, Sheet6!$E:$E, 0)),"N/A")} -> #NAME?
... A76: {=_xludf.IFNA(INDEX(Sheet6!A:A, MATCH($E76, Sheet6!$E:$E, 0)),"N/A")} -> #NAME? | B76: {=_xludf.IFNA(INDEX(Sheet6!B:B, MATCH($E76, Sheet6!$E:$E, 0)),"N/A")} -> #NAME? | C76: {=_xludf.IFNA(INDEX(Sheet6!C:C, MATCH($E76, Sheet6!$E:$E, 0)),"N/A")} -> #NAME? | D76: {=_xludf.IFNA(INDEX(Sheet6!D:D, MATCH($E76, Sheet6!$E:$E, 0)),"N/A")} -> #NAME? | E76: 3951 | F76: PEOPLE OF THE PHILIPPINES VS. JOSELITO EROY Y MIRAS & RANDY BARBOSA Y AURO, PATRIC ALOUZO, WESTLY AMORA & ALIAS MARMAR | G76: 40613 | H76: 40613 | I76: {=_xludf.IFNA(INDEX(Sheet6!I:I, MATCH($E76, Sheet6!$E:$E, 0)),"N/A")} -> #NAME? | J76: {=_xludf.IFNA(INDEX(Sheet6!J:J, MATCH($E76, Sheet6!$E:$E, 0)),"N/A")} -> #NAME? | K76: {=_xludf.IFNA(INDEX(Sheet6!K:K, MATCH($E76, Sheet6!$E:$E, 0)),"N/A")} -> #NAME? | L76: {=_xludf.IFNA(INDEX(Sheet6!L:L, MATCH($E76, Sheet6!$E:$E, 0)),"N/A")} -> #NAME? | M76: {=_xludf.IFNA(INDEX(Sheet6!M:M, MATCH($E76, Sheet6!$E:$E, 0)),"N/A")} -> #NAME? | N76: {=_xludf.IFNA(INDEX(Sheet6!N:N, MATCH($E76, Sheet6!$E:$E, 0)),"N/A")} -> #NAME? | O76: LESS SERIOUS PHYSICAL INJURIES | P76: {=_xludf.IFNA(INDEX(Sheet6!P:P, MATCH($E76, Sheet6!$E:$E, 0)),"N/A")} -> #NAME? | Q76: {=_xludf.IFNA(INDEX(Sheet6!Q:Q, MATCH($E76, Sheet6!$E:$E, 0)),"N/A")} -> #NAME? | R76: {=_xludf.IFNA(INDEX(Sheet6!R:R, MATCH($E76, Sheet6!$E:$E, 0)),"N/A")} -> #NAME? | S76: {=_xludf.IFNA(INDEX(Sheet6!S:S, MATCH($E76, Sheet6!$E:$E, 0)),"N/A")} -> #NAME? | T76: {=_xludf.IFNA(INDEX(Sheet6!T:T, MATCH($E76, Sheet6!$E:$E, 0)),"N/A")} -> #NAME? | U76: {=_xludf.IFNA(INDEX(Sheet6!U:U, MATCH($E76, Sheet6!$E:$E, 0)),"N/A")} -> #NAME? | V76: {=_xludf.IFNA(INDEX(Sheet6!V:V, MATCH($E76, Sheet6!$E:$E, 0)),"N/A")} -> #NAME? | W76: {=_xludf.IFNA(INDEX(Sheet6!W:W, MATCH($E76, Sheet6!$E:$E, 0)),"N/A")} -> #NAME? | X76: {=_xludf.IFNA(INDEX(Sheet6!X:X, MATCH($E76, Sheet6!$E:$E, 0)),"N/A")} -> #NAME?
A77: {=_xludf.IFNA(INDEX(Sheet6!A:A, MATCH($E77, Sheet6!$E:$E, 0)),"N/A")} -> #NAME? | B77: {=_xludf.IFNA(INDEX(Sheet6!B:B, MATCH($E77, Sheet6!$E:$E, 0)),"N/A")} -> #NAME? | C77: {=_xludf.IFNA(INDEX(Sheet6!C:C, MATCH($E77, Sheet6!$E:$E, 0)),"N/A")} -> #NAME? | D77: {=_xludf.IFNA(INDEX(Sheet6!D:D, MATCH($E77, Sheet6!$E:$E, 0)),"N/A")} -> #NAME? | E77: 3952 | F77: PEOPLE OF THE PHILIPPINES VS. MELANIE B. ORCALES | G77: 40608 | H77: 40608 | I77: {=_xludf.IFNA(INDEX(Sheet6!I:I, MATCH($E77, Sheet6!$E:$E, 0)),"N/A")} -> #NAME? | J77: {=_xludf.IFNA(INDEX(Sheet6!J:J, MATCH($E77, Sheet6!$E:$E, 0)),"N/A")} -> #NAME? | K77: {=_xludf.IFNA(INDEX(Sheet6!K:K, MATCH($E77, Sheet6!$E:$E, 0)),"N/A")} -> #NAME? | L77: {=_xludf.IFNA(INDEX(Sheet6!L:L, MATCH($E77, Sheet6!$E:$E, 0)),"N/A")} -> #NAME? | M77: {=_xludf.IFNA(INDEX(Sheet6!M:M, MATCH($E77, Sheet6!$E:$E, 0)),"N/A")} -> #NAME? | N77: {=_xludf.IFNA(INDEX(Sheet6!N:N, MATCH($E77, Sheet6!$E:$E, 0)),"N/A")} -> #NAME? | P77: {=_xludf.IFNA(INDEX(Sheet6!P:P, MATCH($E77, Sheet6!$E:$E, 0)),"N/A")} -> #NAME? | Q77: {=_xludf.IFNA(INDEX(Sheet6!Q:Q, MATCH($E77, Sheet6!$E:$E, 0)),"N/A")} -> #NAME? | R77: {=_xludf.IFNA(INDEX(Sheet6!R:R, MATCH($E77, Sheet6!$E:$E, 0)),"N/A")} -> #NAME? | S77: {=_xludf.IFNA(INDEX(Sheet6!S:S, MATCH($E77, Sheet6!$E:$E, 0)),"N/A")} -> #NAME? | T77: {=_xludf.IFNA(INDEX(Sheet6!T:T, MATCH($E77, Sheet6!$E:$E, 0)),"N/A")} -> #NAME? | U77: {=_xludf.IFNA(INDEX(Sheet6!U:U, MATCH($E77, Sheet6!$E:$E, 0)),"N/A")} -> #NAME? | V77: {=_xludf.IFNA(INDEX(Sheet6!V:V, MATCH($E77, Sheet6!$E:$E, 0)),"N/A")} -> #NAME? | W77: {=_xludf.IFNA(INDEX(Sheet6!W:W, MATCH($E77, Sheet6!$E:$E, 0)),"N/A")} -> #NAME? | X77: {=_xludf.IFNA(INDEX(Sheet6!X:X, MATCH($E77, Sheet6!$E:$E, 0)),"N/A")} -> #NAME?
A78: {=_xludf.IFNA(INDEX(Sheet6!A:A, MATCH($E78, Sheet6!$E:$E, 0)),"N/A")} -> #NAME? | B78: {=_xludf.IFNA(INDEX(Sheet6!B:B, MATCH($E78, Sheet6!$E:$E, 0)),"N/A")} -> #NAME? | C78: {=_xludf.IFNA(INDEX(Sheet6!C:C, MATCH($E78, Sheet6!$E:$E, 0)),"N/A")} -> #NAME? | D78: {=_xludf.IFNA(INDEX(Sheet6!D:D, MATCH($E78, Sheet6!$E:$E, 0)),"N/A")} -> #NAME? | E78: 3953 | F78: PEOPLE OF THE PHILIPPINES VS. SOLEDAD RIVERA Y BASA & MANNY RIVERA | G78: 40630 | H78: 40630 | I78: {=_xludf.IFNA(INDEX(Sheet6!I:I, MATCH($E78, Sheet6!$E:$E, 0)),"N/A")} -> #NAME? | J78: {=_xludf.IFNA(INDEX(Sheet6!J:J, MATCH($E78, Sheet6!$E:$E, 0)),"N/A")} -> #NAME? | K78: {=_xludf.IFNA(INDEX(Sheet6!K:K, MATCH($E78, Sheet6!$E:$E, 0)),"N/A")} -> #NAME? | L78: {=_xludf.IFNA(INDEX(Sheet6!L:L, MATCH($E78, Sheet6!$E:$E, 0)),"N/A")} -> #NAME? | M78: {=_xludf.IFNA(INDEX(Sheet6!M:M, MATCH($E78, Sheet6!$E:$E, 0)),"N/A")} -> #NAME? | N78: {=_xludf.IFNA(INDEX(Sheet6!N:N, MATCH($E78, Sheet6!$E:$E, 0)),"N/A")} -> #NAME? | O78: VIOLATION OF ART. 315 OF RPC | P78: {=_xludf.IFNA(INDEX(Sheet6!P:P, MATCH($E78, Sheet6!$E:$E, 0)),"N/A")} -> #NAME? | Q78: {=_xludf.IFNA(INDEX(Sheet6!Q:Q, MATCH($E78, Sheet6!$E:$E, 0)),"N/A")} -> #NAME? | R78: {=_xludf.IFNA(INDEX(Sheet6!R:R, MATCH($E78, Sheet6!$E:$E, 0)),"N/A")} -> #NAME? | S78: {=_xludf.IFNA(INDEX(Sheet6!S:S, MATCH($E78, Sheet6!$E:$E, 0)),"N/A")} -> #NAME? | T78: {=_xludf.IFNA(INDEX(Sheet6!T:T, MATCH($E78, Sheet6!$E:$E, 0)),"N/A")} -> #NAME? | U78: {=_xludf.IFNA(INDEX(Sheet6!U:U, MATCH($E78, Sheet6!$E:$E, 0)),"N/A")} -> #NAME? | V78: {=_xludf.IFNA(INDEX(Sheet6!V:V, MATCH($E78, Sheet6!$E:$E, 0)),"N/A")} -> #NAME? | W78: {=_xludf.IFNA(INDEX(Sheet6!W:W, MATCH($E78, Sheet6!$E:$E, 0)),"N/A")} -> #NAME? | X78: {=_xludf.IFNA(INDEX(Sheet6!X:X, MATCH($E78, Sheet6!$E:$E, 0)),"N/A")} -> #NAME?
A79: {=_xludf.IFNA(INDEX(Sheet6!A:A, MATCH($E79, Sheet6!$E:$E, 0)),"N/A")} -> #NAME? | B79: {=_xludf.IFNA(INDEX(Sheet6!B:B, MATCH($E79, Sheet6!$E:$E, 0)),"N/A")} -> #NAME? | C79: {=_xludf.IFNA(INDEX(Sheet6!C:C, MATCH($E79, Sheet6!$E:$E, 0)),"N/A")} -> #NAME? | D79: {=_xludf.IFNA(INDEX(Sheet6!D:D, MATCH($E79, Sheet6!$E:$E, 0)),"N/A")} -> #NAME? | E79: 3954 | F79: PEOPLE OF THE PHILIPPINES VS. BENJAMIN HUERA | G79: 40630 | H79: 40630 | I79: {=_xludf.IFNA(INDEX(Sheet6!I:I, MATCH($E79, Sheet6!$E:$E, 0)),"N/A")} -> #NAME? | J79: {=_xludf.IFNA(INDEX(Sheet6!J:J, MATCH($E79, Sheet6!$E:$E, 0)),"N/A")} -> #NAME? | K79: {=_xludf.IFNA(INDEX(Sheet6!K:K, MATCH($E79, Sheet6!$E:$E, 0)),"N/A")} -> #NAME? | L79: {=_xludf.IFNA(INDEX(Sheet6!L:L, MATCH($E79, Sheet6!$E:$E, 0)),"N/A")} -> #NAME? | M79: {=_xludf.IFNA(INDEX(Sheet6!M:M, MATCH($E79, Sheet6!$E:$E, 0)),"N/A")} -> #NAME? | N79: {=_xludf.IFNA(INDEX(Sheet6!N:N, MATCH($E79, Sheet6!$E:$E, 0)),"N/A")} -> #NAME? | O79: SIMPLE ORAL DEFAMATION | P79: {=_xludf.IFNA(INDEX(Sheet6!P:P, MATCH($E79, Sheet6!$E:$E, 0)),"N/A")} -> #NAME? | Q79: {=_xludf.IFNA(INDEX(Sheet6!Q:Q, MATCH($E79, Sheet6!$E:$E, 0)),"N/A")} -> #NAME? | R79: {=_xludf.IFNA(INDEX(Sheet6!R:R, MATCH($E79, Sheet6!$E:$E, 0)),"N/A")} -> #NAME? | S79: {=_xludf.IFNA(INDEX(Sheet6!S:S, MATCH($E79, Sheet6!$E:$E, 0)),"N/A")} -> #NAME? | T79: {=_xludf.IFNA(INDEX(Sheet6!T:T, MATCH($E79, Sheet6!$E:$E, 0)),"N/A")} -> #NAME? | U79: {=_xludf.IFNA(INDEX(Sheet6!U:U, MATCH($E79, Sheet6!$E:$E, 0)),"N/A")} -> #NAME? | V79: {=_xludf.IFNA(INDEX(Sheet6!V:V, MATCH($E79, Sheet6!$E:$E, 0)),"N/A")} -> #NAME? | W79: {=_xludf.IFNA(INDEX(Sheet6!W:W, MATCH($E79, Sheet6!$E:$E, 0)),"N/A")} -> #NAME? | X79: {=_xludf.IFNA(INDEX(Sheet6!X:X, MATCH($E79, Sheet6!$E:$E, 0)),"N/A")} -> #NAME?
A80: {=_xludf.IFNA(INDEX(Sheet6!A:A, MATCH($E80, Sheet6!$E:$E, 0)),"N/A")} -> #NAME? | B80: {=_xludf.IFNA(INDEX(Sheet6!B:B, MATCH($E80, Sheet6!$E:$E, 0)),"N/A")} -> #NAME? | C80: {=_xludf.IFNA(INDEX(Sheet6!C:C, MATCH($E80, Sheet6!$E:$E, 0)),"N/A")} -> #NAME? | D80: {=_xludf.IFNA(INDEX(Sheet6!D:D, MATCH($E80, Sheet6!$E:$E, 0)),"N/A")} -> #NAME? | E80: 3955 | F80: PEOPLE OF THE PHILIPPINES VS. DANILLO CALUNSAG Y BAGNOL | G80: 40633 | H80: 40633 | I80: {=_xludf.IFNA(INDEX(Sheet6!I:I, MATCH($E80, Sheet6!$E:$E, 0)),"N/A")} -> #NAME? | J80: {=_xludf.IFNA(INDEX(Sheet6!J:J, MATCH($E80, Sheet6!$E:$E, 0)),"N/A")} -> #NAME? | K80: {=_xludf.IFNA(INDEX(Sheet6!K:K, MATCH($E80, Sheet6!$E:$E, 0)),"N/A")} -> #NAME? | L80: {=_xludf.IFNA(INDEX(Sheet6!L:L, MATCH($E80, Sheet6!$E:$E, 0)),"N/A")} -> #NAME? | M80: {=_xludf.IFNA(INDEX(Sheet6!M:M, MATCH($E80, Sheet6!$E:$E, 0)),"N/A")} -> #NAME? | N80: {=_xludf.IFNA(INDEX(Sheet6!N:N, MATCH($E80, Sheet6!$E:$E, 0)),"N/A")} -> #NAME? | O80: SLIGHT PHYSICAN INJURIES | P80: {=_xludf.IFNA(INDEX(Sheet6!P:P, MATCH($E80, Sheet6!$E:$E, 0)),"N/A")} -> #NAME? | Q80: {=_xludf.IFNA(INDEX(Sheet6!Q:Q, MATCH($E80, Sheet6!$E:$E, 0)),"N/A")} -> #NAME? | R80: {=_xludf.IFNA(INDEX(Sheet6!R:R, MATCH($E80, Sheet6!$E:$E, 0)),"N/A")} -> #NAME? | S80: {=_xludf.IFNA(INDEX(Sheet6!S:S, MATCH($E80, Sheet6!$E:$E, 0)),"N/A")} -> #NAME? | T80: {=_xludf.IFNA(INDEX(Sheet6!T:T, MATCH($E80, Sheet6!$E:$E, 0)),"N/A")} -> #NAME? | U80: {=_xludf.IFNA(INDEX(Sheet6!U:U, MATCH($E80, Sheet6!$E:$E, 0)),"N/A")} -> #NAME? | V80: {=_xludf.IFNA(INDEX(Sheet6!V:V, MATCH($E80, Sheet6!$E:$E, 0)),"N/A")} -> #NAME? | W80: {=_xludf.IFNA(INDEX(Sheet6!W:W, MATCH($E80, Sheet6!$E:$E, 0)),"N/A")} -> #NAME? | X80: {=_xludf.IFNA(INDEX(Sheet6!X:X, MATCH($E80, Sheet6!$E:$E, 0)),"N/A")} -> #NAME?
A81: {=_xludf.IFNA(INDEX(Sheet6!A:A, MATCH($E81, Sheet6!$E:$E, 0)),"N/A")} -> #NAME? | B81: {=_xludf.IFNA(INDEX(Sheet6!B:B, MATCH($E81, Sheet6!$E:$E, 0)),"N/A")} -> #NAME? | C81: {=_xludf.IFNA(INDEX(Sheet6!C:C, MATCH($E81, Sheet6!$E:$E, 0)),"N/A")} -> #NAME? | D81: {=_xludf.IFNA(INDEX(Sheet6!D:D, MATCH($E81, Sheet6!$E:$E, 0)),"N/A")} -> #NAME? | E81: 3956 | F81: PEOPLE OF THE PHILIPPINES VS. MICHAEL TABADA | G81: 40659 | H81: 40659 | I81: {=_xludf.IFNA(INDEX(Sheet6!I:I, MATCH($E81, Sheet6!$E:$E, 0)),"N/A")} -> #NAME? | J81: {=_xludf.IFNA(INDEX(Sheet6!J:J, MATCH($E81, Sheet6!$E:$E, 0)),"N/A")} -> #NAME? | K81: {=_xludf.IFNA(INDEX(Sheet6!K:K, MATCH($E81, Sheet6!$E:$E, 0)),"N/A")} -> #NAME? | L81: {=_xludf.IFNA(INDEX(Sheet6!L:L, MATCH($E81, Sheet6!$E:$E, 0)),"N/A")} -> #NAME? | M81: {=_xludf.IFNA(INDEX(Sheet6!M:M, MATCH($E81, Sheet6!$E:$E, 0)),"N/A")} -> #NAME? | N81: {=_xludf.IFNA(INDEX(Sheet6!N:N, MATCH($E81, Sheet6!$E:$E, 0)),"N/A")} -> #NAME? | O81: ATTEMPTED ARSON | P81: {=_xludf.IFNA(INDEX(Sheet6!P:P, MATCH($E81, Sheet6!$E:$E, 0)),"N/A")} -> #NAME? | Q81: {=_xludf.IFNA(INDEX(Sheet6!Q:Q, MATCH($E81, Sheet6!$E:$E, 0)),"N/A")} -> #NAME? | R81: {=_xludf.IFNA(INDEX(Sheet6!R:R, MATCH($E81, Sheet6!$E:$E, 0)),"N/A")} -> #NAME? | S81: {=_xludf.IFNA(INDEX(Sheet6!S:S, MATCH($E81, Sheet6!$E:$E, 0)),"N/A")} -> #NAME? | T81: {=_xludf.IFNA(INDEX(Sheet6!T:T, MATCH($E81, Sheet6!$E:$E, 0)),"N/A")} -> #NAME? | U81: {=_xludf.IFNA(INDEX(Sheet6!U:U, MATCH($E81, Sheet6!$E:$E, 0)),"N/A")} -> #NAME? | V81: {=_xludf.IFNA(INDEX(Sheet6!V:V, MATCH($E81, Sheet6!$E:$E, 0)),"N/A")} -> #NAME? | W81: {=_xludf.IFNA(INDEX(Sheet6!W:W, MATCH($E81, Sheet6!$E:$E, 0)),"N/A")} -> #NAME? | X81: {=_xludf.IFNA(INDEX(Sheet6!X:X, MATCH($E81, Sheet6!$E:$E, 0)),"N/A")} -> #NAME?
A82: {=_xludf.IFNA(INDEX(Sheet6!A:A, MATCH($E82, Sheet6!$E:$E, 0)),"N/A")} -> #NAME? | B82: {=_xludf.IFNA(INDEX(Sheet6!B:B, MATCH($E82, Sheet6!$E:$E, 0)),"N/A")} -> #NAME? | C82: {=_xludf.IFNA(INDEX(Sheet6!C:C, MATCH($E82, Sheet6!$E:$E, 0)),"N/A")} -> #NAME? | D82: {=_xludf.IFNA(INDEX(Sheet6!D:D, MATCH($E82, Sheet6!$E:$E, 0)),"N/A")} -> #NAME? | E82: 3957 | F82: PEOPLE OF THE PHILIPPINES VS. MICHAEL TABADA, JED TABADA, RENE "NOEL" TABADA, ROY SUSUTIL, CHRISTOPHER BENDULO & KOLDAN DALAGAN | G82: 40659 | H82: 40659 | I82: {=_xludf.IFNA(INDEX(Sheet6!I:I, MATCH($E82, Sheet6!$E:$E, 0)),"N/A")} -> #NAME? | J82: {=_xludf.IFNA(INDEX(Sheet6!J:J, MATCH($E82, Sheet6!$E:$E, 0)),"N/A")} -> #NAME? | K82: {=_xludf.IFNA(INDEX(Sheet6!K:K, MATCH($E82, Sheet6!$E:$E, 0)),"N/A")} -> #NAME? | L82: {=_xludf.IFNA(INDEX(Sheet6!L:L, MATCH($E82, Sheet6!$E:$E, 0)),"N/A")} -> #NAME? | M82: {=_xludf.IFNA(INDEX(Sheet6!M:M, MATCH($E82, Sheet6!$E:$E, 0)),"N/A")} -> #NAME? | N82: {=_xludf.IFNA(INDEX(Sheet6!N:N, MATCH($E82, Sheet6!$E:$E, 0)),"N/A")} -> #NAME? | O82: ATTEMPTED HOMICIDE | P82: {=_xludf.IFNA(INDEX(Sheet6!P:P, MATCH($E82, Sheet6!$E:$E, 0)),"N/A")} -> #NAME? | Q82: {=_xludf.IFNA(INDEX(Sheet6!Q:Q, MATCH($E82, Sheet6!$E:$E, 0)),"N/A")} -> #NAME? | R82: {=_xludf.IFNA(INDEX(Sheet6!R:R, MATCH($E82, Sheet6!$E:$E, 0)),"N/A")} -> #NAME? | S82: {=_xludf.IFNA(INDEX(Sheet6!S:S, MATCH($E82, Sheet6!$E:$E, 0)),"N/A")} -> #NAME? | T82: {=_xludf.IFNA(INDEX(Sheet6!T:T, MATCH($E82, Sheet6!$E:$E, 0)),"N/A")} -> #NAME? | U82: {=_xludf.IFNA(INDEX(Sheet6!U:U, MATCH($E82, Sheet6!$E:$E, 0)),"N/A")} -> #NAME? | V82: {=_xludf.IFNA(INDEX(Sheet6!V:V, MATCH($E82, Sheet6!$E:$E, 0)),"N/A")} -> #NAME? | W82: {=_xludf.IFNA(INDEX(Sheet6!W:W, MATCH($E82, Sheet6!$E:$E, 0)),"N/A")} -> #NAME? | X82: {=_xludf.IFNA(INDEX(Sheet6!X:X, MATCH($E82, Sheet6!$E:$E, 0)),"N/A")} -> #NAME?
A83: {=_xludf.IFNA(INDEX(Sheet6!A:A, MATCH($E83, Sheet6!$E:$E, 0)),"N/A")} -> #NAME? | B83: {=_xludf.IFNA(INDEX(Sheet6!B:B, MATCH($E83, Sheet6!$E:$E, 0)),"N/A")} -> #NAME? | C83: {=_xludf.IFNA(INDEX(Sheet6!C:C, MATCH($E83, Sheet6!$E:$E, 0)),"N/A")} -> #NAME? | D83: {=_xludf.IFNA(INDEX(Sheet6!D:D, MATCH($E83, Sheet6!$E:$E, 0)),"N/A")} -> #NAME? | E83: 3958 | F83: PEOPLE OF THE PHILIPPINES VS. JOHNNY DAMICO & PAUL ASURA | G83: 40681 | H83: 40681 | I83: {=_xludf.IFNA(INDEX(Sheet6!I:I, MATCH($E83, Sheet6!$E:$E, 0)),"N/A")} -> #NAME? | J83: {=_xludf.IFNA(INDEX(Sheet6!J:J, MATCH($E83, Sheet6!$E:$E, 0)),"N/A")} -> #NAME? | K83: {=_xludf.IFNA(INDEX(Sheet6!K:K, MATCH($E83, Sheet6!$E:$E, 0)),"N/A")} -> #NAME? | L83: {=_xludf.IFNA(INDEX(Sheet6!L:L, MATCH($E83, Sheet6!$E:$E, 0)),"N/A")} -> #NAME? | M83: {=_xludf.IFNA(INDEX(Sheet6!M:M, MATCH($E83, Sheet6!$E:$E, 0)),"N/A")} -> #NAME? | N83: {=_xludf.IFNA(INDEX(Sheet6!N:N, MATCH($E83, Sheet6!$E:$E, 0)),"N/A")} -> #NAME? | O83: SLIGHT PHYSICAN INJURIES | P83: {=_xludf.IFNA(INDEX(Sheet6!P:P, MATCH($E83, Sheet6!$E:$E, 0)),"N/A")} -> #NAME? | Q83: {=_xludf.IFNA(INDEX(Sheet6!Q:Q, MATCH($E83, Sheet6!$E:$E, 0)),"N/A")} -> #NAME? | R83: {=_xludf.IFNA(INDEX(Sheet6!R:R, MATCH($E83, Sheet6!$E:$E, 0)),"N/A")} -> #NAME? | S83: {=_xludf.IFNA(INDEX(Sheet6!S:S, MATCH($E83, Sheet6!$E:$E, 0)),"N/A")} -> #NAME? | T83: {=_xludf.IFNA(INDEX(Sheet6!T:T, MATCH($E83, Sheet6!$E:$E, 0)),"N/A")} -> #NAME? | U83: {=_xludf.IFNA(INDEX(Sheet6!U:U, MATCH($E83, Sheet6!$E:$E, 0)),"N/A")} -> #NAME? | V83: {=_xludf.IFNA(INDEX(Sheet6!V:V, MATCH($E83, Sheet6!$E:$E, 0)),"N/A")} -> #NAME? | W83: {=_xludf.IFNA(INDEX(Sheet6!W:W, MATCH($E83, Sheet6!$E:$E, 0)),"N/A")} -> #NAME? | X83: {=_xludf.IFNA(INDEX(Sheet6!X:X, MATCH($E83, Sheet6!$E:$E, 0)),"N/A")} -> #NAME?
A84: {=_xludf.IFNA(INDEX(Sheet6!A:A, MATCH($E84, Sheet6!$E:$E, 0)),"N/A")} -> #NAME? | B84: {=_xludf.IFNA(INDEX(Sheet6!B:B, MATCH($E84, Sheet6!$E:$E, 0)),"N/A")} -> #NAME? | C84: {=_xludf.IFNA(INDEX(Sheet6!C:C, MATCH($E84, Sheet6!$E:$E, 0)),"N/A")} -> #NAME? | D84: {=_xludf.IFNA(INDEX(Sheet6!D:D, MATCH($E84, Sheet6!$E:$E, 0)),"N/A")} -> #NAME? | E84: 3959 | F84: PEOPLE OF THE PHILIPPINES VS. NELYM QUIZONA, ALAN FUENTES & RIDOLFO PANDE | G84: 40690 | H84: 40690 | I84: {=_xludf.IFNA(INDEX(Sheet6!I:I, MATCH($E84, Sheet6!$E:$E, 0)),"N/A")} -> #NAME? | J84: {=_xludf.IFNA(INDEX(Sheet6!J:J, MATCH($E84, Sheet6!$E:$E, 0)),"N/A")} -> #NAME? | K84: {=_xludf.IFNA(INDEX(Sheet6!K:K, MATCH($E84, Sheet6!$E:$E, 0)),"N/A")} -> #NAME? | L84: {=_xludf.IFNA(INDEX(Sheet6!L:L, MATCH($E84, Sheet6!$E:$E, 0)),"N/A")} -> #NAME? | M84: {=_xludf.IFNA(INDEX(Sheet6!M:M, MATCH($E84, Sheet6!$E:$E, 0)),"N/A")} -> #NAME? | N84: {=_xludf.IFNA(INDEX(Sheet6!N:N, MATCH($E84, Sheet6!$E:$E, 0)),"N/A")} -> #NAME? | O84: VIOLATION OF RA 8550 | P84: {=_xludf.IFNA(INDEX(Sheet6!P:P, MATCH($E84, Sheet6!$E:$E, 0)),"N/A")} -> #NAME? | Q84: {=_xludf.IFNA(INDEX(Sheet6!Q:Q, MATCH($E84, Sheet6!$E:$E, 0)),"N/A")} -> #NAME? | R84: {=_xludf.IFNA(INDEX(Sheet6!R:R, MATCH($E84, Sheet6!$E:$E, 0)),"N/A")} -> #NAME? | S84: {=_xludf.IFNA(INDEX(Sheet6!S:S, MATCH($E84, Sheet6!$E:$E, 0)),"N/A")} -> #NAME? | T84: {=_xludf.IFNA(INDEX(Sheet6!T:T, MATCH($E84, Sheet6!$E:$E, 0)),"N/A")} -> #NAME? | U84: {=_xludf.IFNA(INDEX(Sheet6!U:U, MATCH($E84, Sheet6!$E:$E, 0)),"N/A")} -> #NAME? | V84: {=_xludf.IFNA(INDEX(Sheet6!V:V, MATCH($E84, Sheet6!$E:$E, 0)),"N/A")} -> #NAME? | W84: {=_xludf.IFNA(INDEX(Sheet6!W:W, MATCH($E84, Sheet6!$E:$E, 0)),"N/A")} -> #NAME? | X84: {=_xludf.IFNA(INDEX(Sheet6!X:X, MATCH($E84, Sheet6!$E:$E, 0)),"N/A")} -> #NAME?
A85: {=_xludf.IFNA(INDEX(Sheet6!A:A, MATCH($E85, Sheet6!$E:$E, 0)),"N/A")} -> #NAME? | B85: {=_xludf.IFNA(INDEX(Sheet6!B:B, MATCH($E85, Sheet6!$E:$E, 0)),"N/A")} -> #NAME? | C85: {=_xludf.IFNA(INDEX(Sheet6!C:C, MATCH($E85, Sheet6!$E:$E, 0)),"N/A")} -> #NAME? | D85: {=_xludf.IFNA(INDEX(Sheet6!D:D, MATCH($E85, Sheet6!$E:$E, 0)),"N/A")} -> #NAME? | E85: 3960 | F85: PEOPLE OF THE PHILIPPINES VS. ZANDRO T. TUNDAG | G85: 40695 | H85: 40695 | I85: {=_xludf.IFNA(INDEX(Sheet6!I:I, MATCH($E85, Sheet6!$E:$E, 0)),"N/A")} -> #NAME? | J85: {=_xludf.IFNA(INDEX(Sheet6!J:J, MATCH($E85, Sheet6!$E:$E, 0)),"N/A")} -> #NAME? | K85: {=_xludf.IFNA(INDEX(Sheet6!K:K, MATCH($E85, Sheet6!$E:$E, 0)),"N/A")} -> #NAME? | L85: {=_xludf.IFNA(INDEX(Sheet6!L:L, MATCH($E85, Sheet6!$E:$E, 0)),"N/A")} -> #NAME? | M85: {=_xludf.IFNA(INDEX(Sheet6!M:M, MATCH($E85, Sheet6!$E:$E, 0)),"N/A")} -> #NAME? | N85: {=_xludf.IFNA(INDEX(Sheet6!N:N, MATCH($E85, Sheet6!$E:$E, 0)),"N/A")} -> #NAME? | O85: ATTEMPTED HOMICIDE | P85: {=_xludf.IFNA(INDEX(Sheet6!P:P, MATCH($E85, Sheet6!$E:$E, 0)),"N/A")} -> #NAME? | Q85: {=_xludf.IFNA(INDEX(Sheet6!Q:Q, MATCH($E85, Sheet6!$E:$E, 0)),"N/A")} -> #NAME? | R85: {=_xludf.IFNA(INDEX(Sheet6!R:R, MATCH($E85, Sheet6!$E:$E, 0)),"N/A")} -> #NAME? | S85: {=_xludf.IFNA(INDEX(Sheet6!S:S, MATCH($E85, Sheet6!$E:$E, 0)),"N/A")} -> #NAME? | T85: {=_xludf.IFNA(INDEX(Sheet6!T:T, MATCH($E85, Sheet6!$E:$E, 0)),"N/A")} -> #NAME? | U85: {=_xludf.IFNA(INDEX(Sheet6!U:U, MATCH($E85, Sheet6!$E:$E, 0)),"N/A")} -> #NAME? | V85: {=_xludf.IFNA(INDEX(Sheet6!V:V, MATCH($E85, Sheet6!$E:$E, 0)),"N/A")} -> #NAME? | W85: {=_xludf.IFNA(INDEX(Sheet6!W:W, MATCH($E85, Sheet6!$E:$E, 0)),"N/A")} -> #NAME? | X85: {=_xludf.IFNA(INDEX(Sheet6!X:X, MATCH($E85, Sheet6!$E:$E, 0)),"N/A")} -> #NAME?
A86: {=_xludf.IFNA(INDEX(Sheet6!A:A, MATCH($E86, Sheet6!$E:$E, 0)),"N/A")} -> #NAME? | B86: {=_xludf.IFNA(INDEX(Sheet6!B:B, MATCH($E86, Sheet6!$E:$E, 0)),"N/A")} -> #NAME? | C86: {=_xludf.IFNA(INDEX(Sheet6!C:C, MATCH($E86, Sheet6!$E:$E, 0)),"N/A")} -> #NAME? | D86: {=_xludf.IFNA(INDEX(Sheet6!D:D, MATCH($E86, Sheet6!$E:$E, 0)),"N/A")} -> #NAME? | E86: 3961 | F86: PEOPLE OF THE PHILIPPINES VS. DINDIN MARQUEZO, FELIX LOZADA JR & PEDON PRIETO | G86: 40711 | H86: 40711 | I86: {=_xludf.IFNA(INDEX(Sheet6!I:I, MATCH($E86, Sheet6!$E:$E, 0)),"N/A")} -> #NAME? | J86: {=_xludf.IFNA(INDEX(Sheet6!J:J, MATCH($E86, Sheet6!$E:$E, 0)),"N/A")} -> #NAME? | K86: {=_xludf.IFNA(INDEX(Sheet6!K:K, MATCH($E86, Sheet6!$E:$E, 0)),"N/A")} -> #NAME? | L86: {=_xludf.IFNA(INDEX(Sheet6!L:L, MATCH($E86, Sheet6!$E:$E, 0)),"N/A")} -> #NAME? | M86: {=_xludf.IFNA(INDEX(Sheet6!M:M, MATCH($E86, Sheet6!$E:$E, 0)),"N/A")} -> #NAME? | N86: {=_xludf.IFNA(INDEX(Sheet6!N:N, MATCH($E86, Sheet6!$E:$E, 0)),"N/A")} -> #NAME? | O86: LESS SERIOUS PHYSICAL INJURIES | P86: {=_xludf.IFNA(INDEX(Sheet6!P:P, MATCH($E86, Sheet6!$E:$E, 0)),"N/A")} -> #NAME? | Q86: {=_xludf.IFNA(INDEX(Sheet6!Q:Q, MATCH($E86, Sheet6!$E:$E, 0)),"N/A")} -> #NAME? | R86: {=_xludf.IFNA(INDEX(Sheet6!R:R, MATCH($E86, Sheet6!$E:$E, 0)),"N/A")} -> #NAME? | S86: {=_xludf.IFNA(INDEX(Sheet6!S:S, MATCH($E86, Sheet6!$E:$E, 0)),"N/A")} -> #NAME? | T86: {=_xludf.IFNA(INDEX(Sheet6!T:T, MATCH($E86, Sheet6!$E:$E, 0)),"N/A")} -> #NAME? | U86: {=_xludf.IFNA(INDEX(Sheet6!U:U, MATCH($E86, Sheet6!$E:$E, 0)),"N/A")} -> #NAME? | V86: {=_xludf.IFNA(INDEX(Sheet6!V:V, MATCH($E86, Sheet6!$E:$E, 0)),"N/A")} -> #NAME? | W86: {=_xludf.IFNA(INDEX(Sheet6!W:W, MATCH($E86, Sheet6!$E:$E, 0)),"N/A")} -> #NAME? | X86: {=_xludf.IFNA(INDEX(Sheet6!X:X, MATCH($E86, Sheet6!$E:$E, 0)),"N/A")} -> #NAME?
A87: {=_xludf.IFNA(INDEX(Sheet6!A:A, MATCH($E87, Sheet6!$E:$E, 0)),"N/A")} -> #NAME? | B87: {=_xludf.IFNA(INDEX(Sheet6!B:B, MATCH($E87, Sheet6!$E:$E, 0)),"N/A")} -> #NAME? | C87: {=_xludf.IFNA(INDEX(Sheet6!C:C, MATCH($E87, Sheet6!$E:$E, 0)),"N/A")} -> #NAME? | D87: {=_xludf.IFNA(INDEX(Sheet6!D:D, MATCH($E87, Sheet6!$E:$E, 0)),"N/A")} -> #NAME? | E87: 3962 | F87: PEOPLE OF THE PHILIPPINES VS. HELBERT LUCERO AKA "DEPAR", JUANITO ABNEE AKA "ALO" & JOHN DOES | G87: 40716 | H87: 40716 | I87: {=_xludf.IFNA(INDEX(Sheet6!I:I, MATCH($E87, Sheet6!$E:$E, 0)),"N/A")} -> #NAME? | J87: {=_xludf.IFNA(INDEX(Sheet6!J:J, MATCH($E87, Sheet6!$E:$E, 0)),"N/A")} -> #NAME? | K87: {=_xludf.IFNA(INDEX(Sheet6!K:K, MATCH($E87, Sheet6!$E:$E, 0)),"N/A")} -> #NAME? | L87: {=_xludf.IFNA(INDEX(Sheet6!L:L, MATCH($E87, Sheet6!$E:$E, 0)),"N/A")} -> #NAME? | M87: {=_xludf.IFNA(INDEX(Sheet6!M:M, MATCH($E87, Sheet6!$E:$E, 0)),"N/A")} -> #NAME? | N87: {=_xludf.IFNA(INDEX(Sheet6!N:N, MATCH($E87, Sheet6!$E:$E, 0)),"N/A")} -> #NAME? | O87: ATTEMPTED HOMICIDE | P87: {=_xludf.IFNA(INDEX(Sheet6!P:P, MATCH($E87, Sheet6!$E:$E, 0)),"N/A")} -> #NAME? | Q87: {=_xludf.IFNA(INDEX(Sheet6!Q:Q, MATCH($E87, Sheet6!$E:$E, 0)),"N/A")} -> #NAME? | R87: {=_xludf.IFNA(INDEX(Sheet6!R:R, MATCH($E87, Sheet6!$E:$E, 0)),"N/A")} -> #NAME? | S87: {=_xludf.IFNA(INDEX(Sheet6!S:S, MATCH($E87, Sheet6!$E:$E, 0)),"N/A")} -> #NAME? | T87: {=_xludf.IFNA(INDEX(Sheet6!T:T, MATCH($E87, Sheet6!$E:$E, 0)),"N/A")} -> #NAME? | U87: {=_xludf.IFNA(INDEX(Sheet6!U:U, MATCH($E87, Sheet6!$E:$E, 0)),"N/A")} -> #NAME? | V87: {=_xludf.IFNA(INDEX(Sheet6!V:V, MATCH($E87, Sheet6!$E:$E, 0)),"N/A")} -> #NAME? | W87: {=_xludf.IFNA(INDEX(Sheet6!W:W, MATCH($E87, Sheet6!$E:$E, 0)),"N/A")} -> #NAME? | X87: {=_xludf.IFNA(INDEX(Sheet6!X:X, MATCH($E87, Sheet6!$E:$E, 0)),"N/A")} -> #NAME?
A88: {=_xludf.IFNA(INDEX(Sheet6!A:A, MATCH($E88, Sheet6!$E:$E, 0)),"N/A")} -> #NAME? | B88: {=_xludf.IFNA(INDEX(Sheet6!B:B, MATCH($E88, Sheet6!$E:$E, 0)),"N/A")} -> #NAME? | C88: {=_xludf.IFNA(INDEX(Sheet6!C:C, MATCH($E88, Sheet6!$E:$E, 0)),"N/A")} -> #NAME? | D88: {=_xludf.IFNA(INDEX(Sheet6!D:D, MATCH($E88, Sheet6!$E:$E, 0)),"N/A")} -> #NAME? | E88: 3963 | F88: PEOPLE OF THE PHILIPPINES VS. BONIFACIO MOCA | G88: 40716 | H88: 40716 | I88: {=_xludf.IFNA(INDEX(Sheet6!I:I, MATCH($E88, Sheet6!$E:$E, 0)),"N/A")} -> #NAME? | J88: {=_xludf.IFNA(INDEX(Sheet6!J:J, MATCH($E88, Sheet6!$E:$E, 0)),"N/A")} -> #NAME? | K88: {=_xludf.IFNA(INDEX(Sheet6!K:K, MATCH($E88, Sheet6!$E:$E, 0)),"N/A")} -> #NAME? | L88: {=_xludf.IFNA(INDEX(Sheet6!L:L, MATCH($E88, Sheet6!$E:$E, 0)),"N/A")} -> #NAME? | M88: {=_xludf.IFNA(INDEX(Sheet6!M:M, MATCH($E88, Sheet6!$E:$E, 0)),"N/A")} -> #NAME? | N88: {=_xludf.IFNA(INDEX(Sheet6!N:N, MATCH($E88, Sheet6!$E:$E, 0)),"N/A")} -> #NAME? | O88: DIRECT ASSAULT | P88: {=_xludf.IFNA(INDEX(Sheet6!P:P, MATCH($E88, Sheet6!$E:$E, 0)),"N/A")} -> #NAME? | Q88: {=_xludf.IFNA(INDEX(Sheet6!Q:Q, MATCH($E88, Sheet6!$E:$E, 0)),"N/A")} -> #NAME? | R88: {=_xludf.IFNA(INDEX(Sheet6!R:R, MATCH($E88, Sheet6!$E:$E, 0)),"N/A")} -> #NAME? | S88: {=_xludf.IFNA(INDEX(Sheet6!S:S, MATCH($E88, Sheet6!$E:$E, 0)),"N/A")} -> #NAME? | T88: {=_xludf.IFNA(INDEX(Sheet6!T:T, MATCH($E88, Sheet6!$E:$E, 0)),"N/A")} -> #NAME? | U88: {=_xludf.IFNA(INDEX(Sheet6!U:U, MATCH($E88, Sheet6!$E:$E, 0)),"N/A")} -> #NAME? | V88: {=_xludf.IFNA(INDEX(Sheet6!V:V, MATCH($E88, Sheet6!$E:$E, 0)),"N/A")} -> #NAME? | W88: {=_xludf.IFNA(INDEX(Sheet6!W:W, MATCH($E88, Sheet6!$E:$E, 0)),"N/A")} -> #NAME? | X88: {=_xludf.IFNA(INDEX(Sheet6!X:X, MATCH($E88, Sheet6!$E:$E, 0)),"N/A")} -> #NAME?
A89: {=_xludf.IFNA(INDEX(Sheet6!A:A, MATCH($E89, Sheet6!$E:$E, 0)),"N/A")} -> #NAME? | B89: {=_xludf.IFNA(INDEX(Sheet6!B:B, MATCH($E89, Sheet6!$E:$E, 0)),"N/A")} -> #NAME? | C89: {=_xludf.IFNA(INDEX(Sheet6!C:C, MATCH($E89, Sheet6!$E:$E, 0)),"N/A")} -> #NAME? | D89: {=_xludf.IFNA(INDEX(Sheet6!D:D, MATCH($E89, Sheet6!$E:$E, 0)),"N/A")} -> #NAME? | E89: 3964 | F89: PEOPLE OF THE PHILIPPINES VS. SPO4. RUBEN M. SERENIO | G89: 40728 | H89: 40728 | I89: {=_xludf.IFNA(INDEX(Sheet6!I:I, MATCH($E89, Sheet6!$E:$E, 0)),"N/A")} -> #NAME? | J89: {=_xludf.IFNA(INDEX(Sheet6!J:J, MATCH($E89, Sheet6!$E:$E, 0)),"N/A")} -> #NAME? | K89: {=_xludf.IFNA(INDEX(Sheet6!K:K, MATCH($E89, Sheet6!$E:$E, 0)),"N/A")} -> #NAME? | L89: {=_xludf.IFNA(INDEX(Sheet6!L:L, MATCH($E89, Sheet6!$E:$E, 0)),"N/A")} -> #NAME? | M89: {=_xludf.IFNA(INDEX(Sheet6!M:M, MATCH($E89, Sheet6!$E:$E, 0)),"N/A")} -> #NAME? | N89: {=_xludf.IFNA(INDEX(Sheet6!N:N, MATCH($E89, Sheet6!$E:$E, 0)),"N/A")} -> #NAME? | O89: DISCHARGE OF FIREARMS | P89: {=_xludf.IFNA(INDEX(Sheet6!P:P, MATCH($E89, Sheet6!$E:$E, 0)),"N/A")} -> #NAME? | Q89: {=_xludf.IFNA(INDEX(Sheet6!Q:Q, MATCH($E89, Sheet6!$E:$E, 0)),"N/A")} -> #NAME? | R89: {=_xludf.IFNA(INDEX(Sheet6!R:R, MATCH($E89, Sheet6!$E:$E, 0)),"N/A")} -> #NAME? | S89: {=_xludf.IFNA(INDEX(Sheet6!S:S, MATCH($E89, Sheet6!$E:$E, 0)),"N/A")} -> #NAME? | T89: {=_xludf.IFNA(INDEX(Sheet6!T:T, MATCH($E89, Sheet6!$E:$E, 0)),"N/A")} -> #NAME? | U89: {=_xludf.IFNA(INDEX(Sheet6!U:U, MATCH($E89, Sheet6!$E:$E, 0)),"N/A")} -> #NAME? | V89: {=_xludf.IFNA(INDEX(Sheet6!V:V, MATCH($E89, Sheet6!$E:$E, 0)),"N/A")} -> #NAME? | W89: {=_xludf.IFNA(INDEX(Sheet6!W:W, MATCH($E89, Sheet6!$E:$E, 0)),"N/A")} -> #NAME? | X89: {=_xludf.IFNA(INDEX(Sheet6!X:X, MATCH($E89, Sheet6!$E:$E, 0)),"N/A")} -> #NAME?
... A156: {=_xludf.IFNA(INDEX(Sheet6!A:A, MATCH($E156, Sheet6!$E:$E, 0)),"N/A")} -> #NAME? | B156: {=_xludf.IFNA(INDEX(Sheet6!B:B, MATCH($E156, Sheet6!$E:$E, 0)),"N/A")} -> #NAME? | C156: {=_xludf.IFNA(INDEX(Sheet6!C:C, MATCH($E156, Sheet6!$E:$E, 0)),"N/A")} -> #NAME? | D156: {=_xludf.IFNA(INDEX(Sheet6!D:D, MATCH($E156, Sheet6!$E:$E, 0)),"N/A")} -> #NAME? | E156: 4031 | F156: PEOPLE OF THE PHILIPPINES VS. RODERICO ACEDO Y OPUS | G156: 41386 | H156: 41386 | I156: {=_xludf.IFNA(INDEX(Sheet6!I:I, MATCH($E156, Sheet6!$E:$E, 0)),"N/A")} -> #NAME? | J156: {=_xludf.IFNA(INDEX(Sheet6!J:J, MATCH($E156, Sheet6!$E:$E, 0)),"N/A")} -> #NAME? | K156: {=_xludf.IFNA(INDEX(Sheet6!K:K, MATCH($E156, Sheet6!$E:$E, 0)),"N/A")} -> #NAME? | L156: {=_xludf.IFNA(INDEX(Sheet6!L:L, MATCH($E156, Sheet6!$E:$E, 0)),"N/A")} -> #NAME? | M156: {=_xludf.IFNA(INDEX(Sheet6!M:M, MATCH($E156, Sheet6!$E:$E, 0)),"N/A")} -> #NAME? | N156: {=_xludf.IFNA(INDEX(Sheet6!N:N, MATCH($E156, Sheet6!$E:$E, 0)),"N/A")} -> #NAME? | O156: THEFT | P156: {=_xludf.IFNA(INDEX(Sheet6!P:P, MATCH($E156, Sheet6!$E:$E, 0)),"N/A")} -> #NAME? | Q156: {=_xludf.IFNA(INDEX(Sheet6!Q:Q, MATCH($E156, Sheet6!$E:$E, 0)),"N/A")} -> #NAME? | R156: {=_xludf.IFNA(INDEX(Sheet6!R:R, MATCH($E156, Sheet6!$E:$E, 0)),"N/A")} -> #NAME? | S156: {=_xludf.IFNA(INDEX(Sheet6!S:S, MATCH($E156, Sheet6!$E:$E, 0)),"N/A")} -> #NAME? | T156: {=_xludf.IFNA(INDEX(Sheet6!T:T, MATCH($E156, Sheet6!$E:$E, 0)),"N/A")} -> #NAME? | U156: {=_xludf.IFNA(INDEX(Sheet6!U:U, MATCH($E156, Sheet6!$E:$E, 0)),"N/A")} -> #NAME? | V156: {=_xludf.IFNA(INDEX(Sheet6!V:V, MATCH($E156, Sheet6!$E:$E, 0)),"N/A")} -> #NAME? | W156: {=_xludf.IFNA(INDEX(Sheet6!W:W, MATCH($E156, Sheet6!$E:$E, 0)),"N/A")} -> #NAME? | X156: {=_xludf.IFNA(INDEX(Sheet6!X:X, MATCH($E156, Sheet6!$E:$E, 0)),"N/A")} -> #NAME?
A157: {=_xludf.IFNA(INDEX(Sheet6!A:A, MATCH($E157, Sheet6!$E:$E, 0)),"N/A")} -> #NAME? | B157: {=_xludf.IFNA(INDEX(Sheet6!B:B, MATCH($E157, Sheet6!$E:$E, 0)),"N/A")} -> #NAME? | C157: {=_xludf.IFNA(INDEX(Sheet6!C:C, MATCH($E157, Sheet6!$E:$E, 0)),"N/A")} -> #NAME? | D157: {=_xludf.IFNA(INDEX(Sheet6!D:D, MATCH($E157, Sheet6!$E:$E, 0)),"N/A")} -> #NAME? | E157: 4032 | F157: PEOPLE OF THE PHILIPPINES VS. MARGARITO G. MOLIG JR. | G157: 5-713 | H157: 5-713 | I157: {=_xludf.IFNA(INDEX(Sheet6!I:I, MATCH($E157, Sheet6!$E:$E, 0)),"N/A")} -> #NAME? | J157: {=_xludf.IFNA(INDEX(Sheet6!J:J, MATCH($E157, Sheet6!$E:$E, 0)),"N/A")} -> #NAME? | K157: {=_xludf.IFNA(INDEX(Sheet6!K:K, MATCH($E157, Sheet6!$E:$E, 0)),"N/A")} -> #NAME? | L157: {=_xludf.IFNA(INDEX(Sheet6!L:L, MATCH($E157, Sheet6!$E:$E, 0)),"N/A")} -> #NAME? | M157: {=_xludf.IFNA(INDEX(Sheet6!M:M, MATCH($E157, Sheet6!$E:$E, 0)),"N/A")} -> #NAME? | N157: {=_xludf.IFNA(INDEX(Sheet6!N:N, MATCH($E157, Sheet6!$E:$E, 0)),"N/A")} -> #NAME? | O157: LIGHT ORAL DEFAMATION | P157: {=_xludf.IFNA(INDEX(Sheet6!P:P, MATCH($E157, Sheet6!$E:$E, 0)),"N/A")} -> #NAME? | Q157: {=_xludf.IFNA(INDEX(Sheet6!Q:Q, MATCH($E157, Sheet6!$E:$E, 0)),"N/A")} -> #NAME? | R157: {=_xludf.IFNA(INDEX(Sheet6!R:R, MATCH($E157, Sheet6!$E:$E, 0)),"N/A")} -> #NAME? | S157: {=_xludf.IFNA(INDEX(Sheet6!S:S, MATCH($E157, Sheet6!$E:$E, 0)),"N/A")} -> #NAME? | T157: {=_xludf.IFNA(INDEX(Sheet6!T:T, MATCH($E157, Sheet6!$E:$E, 0)),"N/A")} -> #NAME? | U157: {=_xludf.IFNA(INDEX(Sheet6!U:U, MATCH($E157, Sheet6!$E:$E, 0)),"N/A")} -> #NAME? | V157: {=_xludf.IFNA(INDEX(Sheet6!V:V, MATCH($E157, Sheet6!$E:$E, 0)),"N/A")} -> #NAME? | W157: {=_xludf.IFNA(INDEX(Sheet6!W:W, MATCH($E157, Sheet6!$E:$E, 0)),"N/A")} -> #NAME? | X157: {=_xludf.IFNA(INDEX(Sheet6!X:X, MATCH($E157, Sheet6!$E:$E, 0)),"N/A")} -> #NAME?
A158: {=_xludf.IFNA(INDEX(Sheet6!A:A, MATCH($E158, Sheet6!$E:$E, 0)),"N/A")} -> #NAME? | B158: {=_xludf.IFNA(INDEX(Sheet6!B:B, MATCH($E158, Sheet6!$E:$E, 0)),"N/A")} -> #NAME? | C158: {=_xludf.IFNA(INDEX(Sheet6!C:C, MATCH($E158, Sheet6!$E:$E, 0)),"N/A")} -> #NAME? | D158: {=_xludf.IFNA(INDEX(Sheet6!D:D, MATCH($E158, Sheet6!$E:$E, 0)),"N/A")} -> #NAME? | E158: 4033 | F158: PEOPLE OF THE PHILIPPINES VS. MIGUEL RUBLE Y TODO JR. | G158: 41424 | H158: 41424 | I158: {=_xludf.IFNA(INDEX(Sheet6!I:I, MATCH($E158, Sheet6!$E:$E, 0)),"N/A")} -> #NAME? | J158: {=_xludf.IFNA(INDEX(Sheet6!J:J, MATCH($E158, Sheet6!$E:$E, 0)),"N/A")} -> #NAME? | K158: {=_xludf.IFNA(INDEX(Sheet6!K:K, MATCH($E158, Sheet6!$E:$E, 0)),"N/A")} -> #NAME? | L158: {=_xludf.IFNA(INDEX(Sheet6!L:L, MATCH($E158, Sheet6!$E:$E, 0)),"N/A")} -> #NAME? | M158: {=_xludf.IFNA(INDEX(Sheet6!M:M, MATCH($E158, Sheet6!$E:$E, 0)),"N/A")} -> #NAME? | N158: {=_xludf.IFNA(INDEX(Sheet6!N:N, MATCH($E158, Sheet6!$E:$E, 0)),"N/A")} -> #NAME? | O158: VIOLATION OF ACT 153 OF RPC | P158: {=_xludf.IFNA(INDEX(Sheet6!P:P, MATCH($E158, Sheet6!$E:$E, 0)),"N/A")} -> #NAME? | Q158: {=_xludf.IFNA(INDEX(Sheet6!Q:Q, MATCH($E158, Sheet6!$E:$E, 0)),"N/A")} -> #NAME? | R158: {=_xludf.IFNA(INDEX(Sheet6!R:R, MATCH($E158, Sheet6!$E:$E, 0)),"N/A")} -> #NAME? | S158: {=_xludf.IFNA(INDEX(Sheet6!S:S, MATCH($E158, Sheet6!$E:$E, 0)),"N/A")} -> #NAME? | T158: {=_xludf.IFNA(INDEX(Sheet6!T:T, MATCH($E158, Sheet6!$E:$E, 0)),"N/A")} -> #NAME? | U158: {=_xludf.IFNA(INDEX(Sheet6!U:U, MATCH($E158, Sheet6!$E:$E, 0)),"N/A")} -> #NAME? | V158: {=_xludf.IFNA(INDEX(Sheet6!V:V, MATCH($E158, Sheet6!$E:$E, 0)),"N/A")} -> #NAME? | W158: {=_xludf.IFNA(INDEX(Sheet6!W:W, MATCH($E158, Sheet6!$E:$E, 0)),"N/A")} -> #NAME? | X158: {=_xludf.IFNA(INDEX(Sheet6!X:X, MATCH($E158, Sheet6!$E:$E, 0)),"N/A")} -> #NAME?
A159: {=_xludf.IFNA(INDEX(Sheet6!A:A, MATCH($E159, Sheet6!$E:$E, 0)),"N/A")} -> #NAME? | B159: {=_xludf.IFNA(INDEX(Sheet6!B:B, MATCH($E159, Sheet6!$E:$E, 0)),"N/A")} -> #NAME? | C159: {=_xludf.IFNA(INDEX(Sheet6!C:C, MATCH($E159, Sheet6!$E:$E, 0)),"N/A")} -> #NAME? | D159: {=_xludf.IFNA(INDEX(Sheet6!D:D, MATCH($E159, Sheet6!$E:$E, 0)),"N/A")} -> #NAME? | E159: 4034 | F159: PEOPLE OF THE PHILIPPINES VS. ROEL T. AROBO | G159: 41436 | H159: 41436 | I159: {=_xludf.IFNA(INDEX(Sheet6!I:I, MATCH($E159, Sheet6!$E:$E, 0)),"N/A")} -> #NAME? | J159: {=_xludf.IFNA(INDEX(Sheet6!J:J, MATCH($E159, Sheet6!$E:$E, 0)),"N/A")} -> #NAME? | K159: {=_xludf.IFNA(INDEX(Sheet6!K:K, MATCH($E159, Sheet6!$E:$E, 0)),"N/A")} -> #NAME? | L159: {=_xludf.IFNA(INDEX(Sheet6!L:L, MATCH($E159, Sheet6!$E:$E, 0)),"N/A")} -> #NAME? | M159: {=_xludf.IFNA(INDEX(Sheet6!M:M, MATCH($E159, Sheet6!$E:$E, 0)),"N/A")} -> #NAME? | N159: {=_xludf.IFNA(INDEX(Sheet6!N:N, MATCH($E159, Sheet6!$E:$E, 0)),"N/A")} -> #NAME? | O159: GRAVE ORAL DEFAMATION | P159: {=_xludf.IFNA(INDEX(Sheet6!P:P, MATCH($E159, Sheet6!$E:$E, 0)),"N/A")} -> #NAME? | Q159: {=_xludf.IFNA(INDEX(Sheet6!Q:Q, MATCH($E159, Sheet6!$E:$E, 0)),"N/A")} -> #NAME? | R159: {=_xludf.IFNA(INDEX(Sheet6!R:R, MATCH($E159, Sheet6!$E:$E, 0)),"N/A")} -> #NAME? | S159: {=_xludf.IFNA(INDEX(Sheet6!S:S, MATCH($E159, Sheet6!$E:$E, 0)),"N/A")} -> #NAME? | T159: {=_xludf.IFNA(INDEX(Sheet6!T:T, MATCH($E159, Sheet6!$E:$E, 0)),"N/A")} -> #NAME? | U159: {=_xludf.IFNA(INDEX(Sheet6!U:U, MATCH($E159, Sheet6!$E:$E, 0)),"N/A")} -> #NAME? | V159: {=_xludf.IFNA(INDEX(Sheet6!V:V, MATCH($E159, Sheet6!$E:$E, 0)),"N/A")} -> #NAME? | W159: {=_xludf.IFNA(INDEX(Sheet6!W:W, MATCH($E159, Sheet6!$E:$E, 0)),"N/A")} -> #NAME? | X159: {=_xludf.IFNA(INDEX(Sheet6!X:X, MATCH($E159, Sheet6!$E:$E, 0)),"N/A")} -> #NAME?
A160: {=_xludf.IFNA(INDEX(Sheet6!A:A, MATCH($E160, Sheet6!$E:$E, 0)),"N/A")} -> #NAME? | B160: {=_xludf.IFNA(INDEX(Sheet6!B:B, MATCH($E160, Sheet6!$E:$E, 0)),"N/A")} -> #NAME? | C160: {=_xludf.IFNA(INDEX(Sheet6!C:C, MATCH($E160, Sheet6!$E:$E, 0)),"N/A")} -> #NAME? | D160: {=_xludf.IFNA(INDEX(Sheet6!D:D, MATCH($E160, Sheet6!$E:$E, 0)),"N/A")} -> #NAME? | E160: 4035 | F160: PEOPLE OF THE PHILIPPINES VS. ALLAN MANLANGIT | G160: 41439 | H160: 41439 | I160: {=_xludf.IFNA(INDEX(Sheet6!I:I, MATCH($E160, Sheet6!$E:$E, 0)),"N/A")} -> #NAME? | J160: {=_xludf.IFNA(INDEX(Sheet6!J:J, MATCH($E160, Sheet6!$E:$E, 0)),"N/A")} -> #NAME? | K160: {=_xludf.IFNA(INDEX(Sheet6!K:K, MATCH($E160, Sheet6!$E:$E, 0)),"N/A")} -> #NAME? | L160: {=_xludf.IFNA(INDEX(Sheet6!L:L, MATCH($E160, Sheet6!$E:$E, 0)),"N/A")} -> #NAME? | M160: {=_xludf.IFNA(INDEX(Sheet6!M:M, MATCH($E160, Sheet6!$E:$E, 0)),"N/A")} -> #NAME? | N160: {=_xludf.IFNA(INDEX(Sheet6!N:N, MATCH($E160, Sheet6!$E:$E, 0)),"N/A")} -> #NAME? | O160: ATTEMPTED HOMICIDE | P160: {=_xludf.IFNA(INDEX(Sheet6!P:P, MATCH($E160, Sheet6!$E:$E, 0)),"N/A")} -> #NAME? | Q160: {=_xludf.IFNA(INDEX(Sheet6!Q:Q, MATCH($E160, Sheet6!$E:$E, 0)),"N/A")} -> #NAME? | R160: {=_xludf.IFNA(INDEX(Sheet6!R:R, MATCH($E160, Sheet6!$E:$E, 0)),"N/A")} -> #NAME? | S160: {=_xludf.IFNA(INDEX(Sheet6!S:S, MATCH($E160, Sheet6!$E:$E, 0)),"N/A")} -> #NAME? | T160: {=_xludf.IFNA(INDEX(Sheet6!T:T, MATCH($E160, Sheet6!$E:$E, 0)),"N/A")} -> #NAME? | U160: {=_xludf.IFNA(INDEX(Sheet6!U:U, MATCH($E160, Sheet6!$E:$E, 0)),"N/A")} -> #NAME? | V160: {=_xludf.IFNA(INDEX(Sheet6!V:V, MATCH($E160, Sheet6!$E:$E, 0)),"N/A")} -> #NAME? | W160: {=_xludf.IFNA(INDEX(Sheet6!W:W, MATCH($E160, Sheet6!$E:$E, 0)),"N/A")} -> #NAME? | X160: {=_xludf.IFNA(INDEX(Sheet6!X:X, MATCH($E160, Sheet6!$E:$E, 0)),"N/A")} -> #NAME?
A161: {=_xludf.IFNA(INDEX(Sheet6!A:A, MATCH($E161, Sheet6!$E:$E, 0)),"N/A")} -> #NAME? | B161: {=_xludf.IFNA(INDEX(Sheet6!B:B, MATCH($E161, Sheet6!$E:$E, 0)),"N/A")} -> #NAME? | C161: {=_xludf.IFNA(INDEX(Sheet6!C:C, MATCH($E161, Sheet6!$E:$E, 0)),"N/A")} -> #NAME? | D161: {=_xludf.IFNA(INDEX(Sheet6!D:D, MATCH($E161, Sheet6!$E:$E, 0)),"N/A")} -> #NAME? | E161: 4036 | F161: PEOPLE OF THE PHILIPPINES VS. MARK RESOS, JESSIE CORTEL Y ADUBAS & ALVIN CANON Y REYCO | G161: 41443 | H161: 41443 | I161: {=_xludf.IFNA(INDEX(Sheet6!I:I, MATCH($E161, Sheet6!$E:$E, 0)),"N/A")} -> #NAME? | J161: {=_xludf.IFNA(INDEX(Sheet6!J:J, MATCH($E161, Sheet6!$E:$E, 0)),"N/A")} -> #NAME? | K161: {=_xludf.IFNA(INDEX(Sheet6!K:K, MATCH($E161, Sheet6!$E:$E, 0)),"N/A")} -> #NAME? | L161: {=_xludf.IFNA(INDEX(Sheet6!L:L, MATCH($E161, Sheet6!$E:$E, 0)),"N/A")} -> #NAME? | M161: {=_xludf.IFNA(INDEX(Sheet6!M:M, MATCH($E161, Sheet6!$E:$E, 0)),"N/A")} -> #NAME? | N161: {=_xludf.IFNA(INDEX(Sheet6!N:N, MATCH($E161, Sheet6!$E:$E, 0)),"N/A")} -> #NAME? | O161: SLIGHT PHYSICAN INJURIES | P161: {=_xludf.IFNA(INDEX(Sheet6!P:P, MATCH($E161, Sheet6!$E:$E, 0)),"N/A")} -> #NAME? | Q161: {=_xludf.IFNA(INDEX(Sheet6!Q:Q, MATCH($E161, Sheet6!$E:$E, 0)),"N/A")} -> #NAME? | R161: {=_xludf.IFNA(INDEX(Sheet6!R:R, MATCH($E161, Sheet6!$E:$E, 0)),"N/A")} -> #NAME? | S161: {=_xludf.IFNA(INDEX(Sheet6!S:S, MATCH($E161, Sheet6!$E:$E, 0)),"N/A")} -> #NAME? | T161: {=_xludf.IFNA(INDEX(Sheet6!T:T, MATCH($E161, Sheet6!$E:$E, 0)),"N/A")} -> #NAME? | U161: {=_xludf.IFNA(INDEX(Sheet6!U:U, MATCH($E161, Sheet6!$E:$E, 0)),"N/A")} -> #NAME? | V161: {=_xludf.IFNA(INDEX(Sheet6!V:V, MATCH($E161, Sheet6!$E:$E, 0)),"N/A")} -> #NAME? | W161: {=_xludf.IFNA(INDEX(Sheet6!W:W, MATCH($E161, Sheet6!$E:$E, 0)),"N/A")} -> #NAME? | X161: {=_xludf.IFNA(INDEX(Sheet6!X:X, MATCH($E161, Sheet6!$E:$E, 0)),"N/A")} -> #NAME?
A162: {=_xludf.IFNA(INDEX(Sheet6!A:A, MATCH($E162, Sheet6!$E:$E, 0)),"N/A")} -> #NAME? | B162: {=_xludf.IFNA(INDEX(Sheet6!B:B, MATCH($E162, Sheet6!$E:$E, 0)),"N/A")} -> #NAME? | C162: {=_xludf.IFNA(INDEX(Sheet6!C:C, MATCH($E162, Sheet6!$E:$E, 0)),"N/A")} -> #NAME? | D162: {=_xludf.IFNA(INDEX(Sheet6!D:D, MATCH($E162, Sheet6!$E:$E, 0)),"N/A")} -> #NAME? | E162: 4037 | F162: PEOPLE OF THE PHILIPPINES VS. RUBEN TIMOGAN | G162: 41446 | H162: 41446 | I162: {=_xludf.IFNA(INDEX(Sheet6!I:I, MATCH($E162, Sheet6!$E:$E, 0)),"N/A")} -> #NAME? | J162: {=_xludf.IFNA(INDEX(Sheet6!J:J, MATCH($E162, Sheet6!$E:$E, 0)),"N/A")} -> #NAME? | K162: {=_xludf.IFNA(INDEX(Sheet6!K:K, MATCH($E162, Sheet6!$E:$E, 0)),"N/A")} -> #NAME? | L162: {=_xludf.IFNA(INDEX(Sheet6!L:L, MATCH($E162, Sheet6!$E:$E, 0)),"N/A")} -> #NAME? | M162: {=_xludf.IFNA(INDEX(Sheet6!M:M, MATCH($E162, Sheet6!$E:$E, 0)),"N/A")} -> #NAME? | N162: {=_xludf.IFNA(INDEX(Sheet6!N:N, MATCH($E162, Sheet6!$E:$E, 0)),"N/A")} -> #NAME? | O162: GRAVE ORAL DEFAMATION | P162: {=_xludf.IFNA(INDEX(Sheet6!P:P, MATCH($E162, Sheet6!$E:$E, 0)),"N/A")} -> #NAME? | Q162: {=_xludf.IFNA(INDEX(Sheet6!Q:Q, MATCH($E162, Sheet6!$E:$E, 0)),"N/A")} -> #NAME? | R162: {=_xludf.IFNA(INDEX(Sheet6!R:R, MATCH($E162, Sheet6!$E:$E, 0)),"N/A")} -> #NAME? | S162: {=_xludf.IFNA(INDEX(Sheet6!S:S, MATCH($E162, Sheet6!$E:$E, 0)),"N/A")} -> #NAME? | T162: {=_xludf.IFNA(INDEX(Sheet6!T:T, MATCH($E162, Sheet6!$E:$E, 0)),"N/A")} -> #NAME? | U162: {=_xludf.IFNA(INDEX(Sheet6!U:U, MATCH($E162, Sheet6!$E:$E, 0)),"N/A")} -> #NAME? | V162: {=_xludf.IFNA(INDEX(Sheet6!V:V, MATCH($E162, Sheet6!$E:$E, 0)),"N/A")} -> #NAME? | W162: {=_xludf.IFNA(INDEX(Sheet6!W:W, MATCH($E162, Sheet6!$E:$E, 0)),"N/A")} -> #NAME? | X162: {=_xludf.IFNA(INDEX(Sheet6!X:X, MATCH($E162, Sheet6!$E:$E, 0)),"N/A")} -> #NAME?
A163: {=_xludf.IFNA(INDEX(Sheet6!A:A, MATCH($E163, Sheet6!$E:$E, 0)),"N/A")} -> #NAME? | B163: {=_xludf.IFNA(INDEX(Sheet6!B:B, MATCH($E163, Sheet6!$E:$E, 0)),"N/A")} -> #NAME? | C163: {=_xludf.IFNA(INDEX(Sheet6!C:C, MATCH($E163, Sheet6!$E:$E, 0)),"N/A")} -> #NAME? | D163: {=_xludf.IFNA(INDEX(Sheet6!D:D, MATCH($E163, Sheet6!$E:$E, 0)),"N/A")} -> #NAME? | E163: 4038 | F163: PEOPLE OF THE PHILIPPINES VS. RUBEN TIMOGAN | G163: 41446 | H163: 41446 | I163: {=_xludf.IFNA(INDEX(Sheet6!I:I, MATCH($E163, Sheet6!$E:$E, 0)),"N/A")} -> #NAME? | J163: {=_xludf.IFNA(INDEX(Sheet6!J:J, MATCH($E163, Sheet6!$E:$E, 0)),"N/A")} -> #NAME? | K163: {=_xludf.IFNA(INDEX(Sheet6!K:K, MATCH($E163, Sheet6!$E:$E, 0)),"N/A")} -> #NAME? | L163: {=_xludf.IFNA(INDEX(Sheet6!L:L, MATCH($E163, Sheet6!$E:$E, 0)),"N/A")} -> #NAME? | M163: {=_xludf.IFNA(INDEX(Sheet6!M:M, MATCH($E163, Sheet6!$E:$E, 0)),"N/A")} -> #NAME? | N163: {=_xludf.IFNA(INDEX(Sheet6!N:N, MATCH($E163, Sheet6!$E:$E, 0)),"N/A")} -> #NAME? | O163: GRAVE ORAL DEFAMATION | P163: {=_xludf.IFNA(INDEX(Sheet6!P:P, MATCH($E163, Sheet6!$E:$E, 0)),"N/A")} -> #NAME? | Q163: {=_xludf.IFNA(INDEX(Sheet6!Q:Q, MATCH($E163, Sheet6!$E:$E, 0)),"N/A")} -> #NAME? | R163: {=_xludf.IFNA(INDEX(Sheet6!R:R, MATCH($E163, Sheet6!$E:$E, 0)),"N/A")} -> #NAME? | S163: {=_xludf.IFNA(INDEX(Sheet6!S:S, MATCH($E163, Sheet6!$E:$E, 0)),"N/A")} -> #NAME? | T163: {=_xludf.IFNA(INDEX(Sheet6!T:T, MATCH($E163, Sheet6!$E:$E, 0)),"N/A")} -> #NAME? | U163: {=_xludf.IFNA(INDEX(Sheet6!U:U, MATCH($E163, Sheet6!$E:$E, 0)),"N/A")} -> #NAME? | V163: {=_xludf.IFNA(INDEX(Sheet6!V:V, MATCH($E163, Sheet6!$E:$E, 0)),"N/A")} -> #NAME? | W163: {=_xludf.IFNA(INDEX(Sheet6!W:W, MATCH($E163, Sheet6!$E:$E, 0)),"N/A")} -> #NAME? | X163: {=_xludf.IFNA(INDEX(Sheet6!X:X, MATCH($E163, Sheet6!$E:$E, 0)),"N/A")} -> #NAME?
A164: {=_xludf.IFNA(INDEX(Sheet6!A:A, MATCH($E164, Sheet6!$E:$E, 0)),"N/A")} -> #NAME? | B164: {=_xludf.IFNA(INDEX(Sheet6!B:B, MATCH($E164, Sheet6!$E:$E, 0)),"N/A")} -> #NAME? | C164: {=_xludf.IFNA(INDEX(Sheet6!C:C, MATCH($E164, Sheet6!$E:$E, 0)),"N/A")} -> #NAME? | D164: {=_xludf.IFNA(INDEX(Sheet6!D:D, MATCH($E164, Sheet6!$E:$E, 0)),"N/A")} -> #NAME? | E164: 4039 | F164: PEOPLE OF THE PHILIPPINES VS. RUBEN TIMOGAN | G164: 41446 | H164: 41446 | I164: {=_xludf.IFNA(INDEX(Sheet6!I:I, MATCH($E164, Sheet6!$E:$E, 0)),"N/A")} -> #NAME? | J164: {=_xludf.IFNA(INDEX(Sheet6!J:J, MATCH($E164, Sheet6!$E:$E, 0)),"N/A")} -> #NAME? | K164: {=_xludf.IFNA(INDEX(Sheet6!K:K, MATCH($E164, Sheet6!$E:$E, 0)),"N/A")} -> #NAME? | L164: {=_xludf.IFNA(INDEX(Sheet6!L:L, MATCH($E164, Sheet6!$E:$E, 0)),"N/A")} -> #NAME? | M164: {=_xludf.IFNA(INDEX(Sheet6!M:M, MATCH($E164, Sheet6!$E:$E, 0)),"N/A")} -> #NAME? | N164: {=_xludf.IFNA(INDEX(Sheet6!N:N, MATCH($E164, Sheet6!$E:$E, 0)),"N/A")} -> #NAME? | O164: GRAVE ORAL DEFAMATION | P164: {=_xludf.IFNA(INDEX(Sheet6!P:P, MATCH($E164, Sheet6!$E:$E, 0)),"N/A")} -> #NAME? | Q164: {=_xludf.IFNA(INDEX(Sheet6!Q:Q, MATCH($E164, Sheet6!$E:$E, 0)),"N/A")} -> #NAME? | R164: {=_xludf.IFNA(INDEX(Sheet6!R:R, MATCH($E164, Sheet6!$E:$E, 0)),"N/A")} -> #NAME? | S164: {=_xludf.IFNA(INDEX(Sheet6!S:S, MATCH($E164, Sheet6!$E:$E, 0)),"N/A")} -> #NAME? | T164: {=_xludf.IFNA(INDEX(Sheet6!T:T, MATCH($E164, Sheet6!$E:$E, 0)),"N/A")} -> #NAME? | U164: {=_xludf.IFNA(INDEX(Sheet6!U:U, MATCH($E164, Sheet6!$E:$E, 0)),"N/A")} -> #NAME? | V164: {=_xludf.IFNA(INDEX(Sheet6!V:V, MATCH($E164, Sheet6!$E:$E, 0)),"N/A")} -> #NAME? | W164: {=_xludf.IFNA(INDEX(Sheet6!W:W, MATCH($E164, Sheet6!$E:$E, 0)),"N/A")} -> #NAME? | X164: {=_xludf.IFNA(INDEX(Sheet6!X:X, MATCH($E164, Sheet6!$E:$E, 0)),"N/A")} -> #NAME?
A165: {=_xludf.IFNA(INDEX(Sheet6!A:A, MATCH($E165, Sheet6!$E:$E, 0)),"N/A")} -> #NAME? | B165: {=_xludf.IFNA(INDEX(Sheet6!B:B, MATCH($E165, Sheet6!$E:$E, 0)),"N/A")} -> #NAME? | C165: {=_xludf.IFNA(INDEX(Sheet6!C:C, MATCH($E165, Sheet6!$E:$E, 0)),"N/A")} -> #NAME? | D165: {=_xludf.IFNA(INDEX(Sheet6!D:D, MATCH($E165, Sheet6!$E:$E, 0)),"N/A")} -> #NAME? | E165: 4040 | F165: PEOPLE OF THE PHILIPPINES VS. CHRISTIAN Q. CUBILLAS | G165: 41466 | H165: 41466 | I165: {=_xludf.IFNA(INDEX(Sheet6!I:I, MATCH($E165, Sheet6!$E:$E, 0)),"N/A")} -> #NAME? | J165: {=_xludf.IFNA(INDEX(Sheet6!J:J, MATCH($E165, Sheet6!$E:$E, 0)),"N/A")} -> #NAME? | K165: {=_xludf.IFNA(INDEX(Sheet6!K:K, MATCH($E165, Sheet6!$E:$E, 0)),"N/A")} -> #NAME? | L165: {=_xludf.IFNA(INDEX(Sheet6!L:L, MATCH($E165, Sheet6!$E:$E, 0)),"N/A")} -> #NAME? | M165: {=_xludf.IFNA(INDEX(Sheet6!M:M, MATCH($E165, Sheet6!$E:$E, 0)),"N/A")} -> #NAME? | N165: {=_xludf.IFNA(INDEX(Sheet6!N:N, MATCH($E165, Sheet6!$E:$E, 0)),"N/A")} -> #NAME? | O165: ROBBERY WITH FORCE UPON THINGS | P165: {=_xludf.IFNA(INDEX(Sheet6!P:P, MATCH($E165, Sheet6!$E:$E, 0)),"N/A")} -> #NAME? | Q165: {=_xludf.IFNA(INDEX(Sheet6!Q:Q, MATCH($E165, Sheet6!$E:$E, 0)),"N/A")} -> #NAME? | R165: {=_xludf.IFNA(INDEX(Sheet6!R:R, MATCH($E165, Sheet6!$E:$E, 0)),"N/A")} -> #NAME? | S165: {=_xludf.IFNA(INDEX(Sheet6!S:S, MATCH($E165, Sheet6!$E:$E, 0)),"N/A")} -> #NAME? | T165: {=_xludf.IFNA(INDEX(Sheet6!T:T, MATCH($E165, Sheet6!$E:$E, 0)),"N/A")} -> #NAME? | U165: {=_xludf.IFNA(INDEX(Sheet6!U:U, MATCH($E165, Sheet6!$E:$E, 0)),"N/A")} -> #NAME? | V165: {=_xludf.IFNA(INDEX(Sheet6!V:V, MATCH($E165, Sheet6!$E:$E, 0)),"N/A")} -> #NAME? | W165: {=_xludf.IFNA(INDEX(Sheet6!W:W, MATCH($E165, Sheet6!$E:$E, 0)),"N/A")} -> #NAME? | X165: {=_xludf.IFNA(INDEX(Sheet6!X:X, MATCH($E165, Sheet6!$E:$E, 0)),"N/A")} -> #NAME?
A166: {=_xludf.IFNA(INDEX(Sheet6!A:A, MATCH($E166, Sheet6!$E:$E, 0)),"N/A")} -> #NAME? | B166: {=_xludf.IFNA(INDEX(Sheet6!B:B, MATCH($E166, Sheet6!$E:$E, 0)),"N/A")} -> #NAME? | C166: {=_xludf.IFNA(INDEX(Sheet6!C:C, MATCH($E166, Sheet6!$E:$E, 0)),"N/A")} -> #NAME? | D166: {=_xludf.IFNA(INDEX(Sheet6!D:D, MATCH($E166, Sheet6!$E:$E, 0)),"N/A")} -> #NAME? | E166: 4041 | F166: PEOPLE OF THE PHILIPPINES VS. ZYV MATOS Y PAHAYAHAY & JOBERT MATOS Y PAHAYAHAY | G166: 41470 | H166: 41470 | I166: {=_xludf.IFNA(INDEX(Sheet6!I:I, MATCH($E166, Sheet6!$E:$E, 0)),"N/A")} -> #NAME? | J166: {=_xludf.IFNA(INDEX(Sheet6!J:J, MATCH($E166, Sheet6!$E:$E, 0)),"N/A")} -> #NAME? | K166: {=_xludf.IFNA(INDEX(Sheet6!K:K, MATCH($E166, Sheet6!$E:$E, 0)),"N/A")} -> #NAME? | L166: {=_xludf.IFNA(INDEX(Sheet6!L:L, MATCH($E166, Sheet6!$E:$E, 0)),"N/A")} -> #NAME? | M166: {=_xludf.IFNA(INDEX(Sheet6!M:M, MATCH($E166, Sheet6!$E:$E, 0)),"N/A")} -> #NAME? | N166: {=_xludf.IFNA(INDEX(Sheet6!N:N, MATCH($E166, Sheet6!$E:$E, 0)),"N/A")} -> #NAME? | O166: ROBBERY WITH FORCE UPON THINGS | P166: {=_xludf.IFNA(INDEX(Sheet6!P:P, MATCH($E166, Sheet6!$E:$E, 0)),"N/A")} -> #NAME? | Q166: {=_xludf.IFNA(INDEX(Sheet6!Q:Q, MATCH($E166, Sheet6!$E:$E, 0)),"N/A")} -> #NAME? | R166: {=_xludf.IFNA(INDEX(Sheet6!R:R, MATCH($E166, Sheet6!$E:$E, 0)),"N/A")} -> #NAME? | S166: {=_xludf.IFNA(INDEX(Sheet6!S:S, MATCH($E166, Sheet6!$E:$E, 0)),"N/A")} -> #NAME? | T166: {=_xludf.IFNA(INDEX(Sheet6!T:T, MATCH($E166, Sheet6!$E:$E, 0)),"N/A")} -> #NAME? | U166: {=_xludf.IFNA(INDEX(Sheet6!U:U, MATCH($E166, Sheet6!$E:$E, 0)),"N/A")} -> #NAME? | V166: {=_xludf.IFNA(INDEX(Sheet6!V:V, MATCH($E166, Sheet6!$E:$E, 0)),"N/A")} -> #NAME? | W166: {=_xludf.IFNA(INDEX(Sheet6!W:W, MATCH($E166, Sheet6!$E:$E, 0)),"N/A")} -> #NAME? | X166: {=_xludf.IFNA(INDEX(Sheet6!X:X, MATCH($E166, Sheet6!$E:$E, 0)),"N/A")} -> #NAME?
A167: {=_xludf.IFNA(INDEX(Sheet6!A:A, MATCH($E167, Sheet6!$E:$E, 0)),"N/A")} -> #NAME? | B167: {=_xludf.IFNA(INDEX(Sheet6!B:B, MATCH($E167, Sheet6!$E:$E, 0)),"N/A")} -> #NAME? | C167: {=_xludf.IFNA(INDEX(Sheet6!C:C, MATCH($E167, Sheet6!$E:$E, 0)),"N/A")} -> #NAME? | D167: {=_xludf.IFNA(INDEX(Sheet6!D:D, MATCH($E167, Sheet6!$E:$E, 0)),"N/A")} -> #NAME? | E167: 4042 | F167: PEOPLE OF THE PHILIPPINES VS. JOHN DOLDOLEA ALIAS ITOK | G167: 41473 | H167: 41473 | I167: {=_xludf.IFNA(INDEX(Sheet6!I:I, MATCH($E167, Sheet6!$E:$E, 0)),"N/A")} -> #NAME? | J167: {=_xludf.IFNA(INDEX(Sheet6!J:J, MATCH($E167, Sheet6!$E:$E, 0)),"N/A")} -> #NAME? | K167: {=_xludf.IFNA(INDEX(Sheet6!K:K, MATCH($E167, Sheet6!$E:$E, 0)),"N/A")} -> #NAME? | L167: {=_xludf.IFNA(INDEX(Sheet6!L:L, MATCH($E167, Sheet6!$E:$E, 0)),"N/A")} -> #NAME? | M167: {=_xludf.IFNA(INDEX(Sheet6!M:M, MATCH($E167, Sheet6!$E:$E, 0)),"N/A")} -> #NAME? | N167: {=_xludf.IFNA(INDEX(Sheet6!N:N, MATCH($E167, Sheet6!$E:$E, 0)),"N/A")} -> #NAME? | O167: ATTEMPTED QUALIFIED THEFT | P167: {=_xludf.IFNA(INDEX(Sheet6!P:P, MATCH($E167, Sheet6!$E:$E, 0)),"N/A")} -> #NAME? | Q167: {=_xludf.IFNA(INDEX(Sheet6!Q:Q, MATCH($E167, Sheet6!$E:$E, 0)),"N/A")} -> #NAME? | R167: {=_xludf.IFNA(INDEX(Sheet6!R:R, MATCH($E167, Sheet6!$E:$E, 0)),"N/A")} -> #NAME? | S167: {=_xludf.IFNA(INDEX(Sheet6!S:S, MATCH($E167, Sheet6!$E:$E, 0)),"N/A")} -> #NAME? | T167: {=_xludf.IFNA(INDEX(Sheet6!T:T, MATCH($E167, Sheet6!$E:$E, 0)),"N/A")} -> #NAME? | U167: {=_xludf.IFNA(INDEX(Sheet6!U:U, MATCH($E167, Sheet6!$E:$E, 0)),"N/A")} -> #NAME? | V167: {=_xludf.IFNA(INDEX(Sheet6!V:V, MATCH($E167, Sheet6!$E:$E, 0)),"N/A")} -> #NAME? | W167: {=_xludf.IFNA(INDEX(Sheet6!W:W, MATCH($E167, Sheet6!$E:$E, 0)),"N/A")} -> #NAME? | X167: {=_xludf.IFNA(INDEX(Sheet6!X:X, MATCH($E167, Sheet6!$E:$E, 0)),"N/A")} -> #NAME?
A168: {=_xludf.IFNA(INDEX(Sheet6!A:A, MATCH($E168, Sheet6!$E:$E, 0)),"N/A")} -> #NAME? | B168: {=_xludf.IFNA(INDEX(Sheet6!B:B, MATCH($E168, Sheet6!$E:$E, 0)),"N/A")} -> #NAME? | C168: {=_xludf.IFNA(INDEX(Sheet6!C:C, MATCH($E168, Sheet6!$E:$E, 0)),"N/A")} -> #NAME? | D168: {=_xludf.IFNA(INDEX(Sheet6!D:D, MATCH($E168, Sheet6!$E:$E, 0)),"N/A")} -> #NAME? | E168: 4043 | F168: PEOPLE OF THE PHILIPPINES VS. CHARLES JALOP Y CALO | G168: 41477 | H168: 41477 | I168: {=_xludf.IFNA(INDEX(Sheet6!I:I, MATCH($E168, Sheet6!$E:$E, 0)),"N/A")} -> #NAME? | J168: {=_xludf.IFNA(INDEX(Sheet6!J:J, MATCH($E168, Sheet6!$E:$E, 0)),"N/A")} -> #NAME? | K168: {=_xludf.IFNA(INDEX(Sheet6!K:K, MATCH($E168, Sheet6!$E:$E, 0)),"N/A")} -> #NAME? | L168: {=_xludf.IFNA(INDEX(Sheet6!L:L, MATCH($E168, Sheet6!$E:$E, 0)),"N/A")} -> #NAME? | M168: {=_xludf.IFNA(INDEX(Sheet6!M:M, MATCH($E168, Sheet6!$E:$E, 0)),"N/A")} -> #NAME? | N168: {=_xludf.IFNA(INDEX(Sheet6!N:N, MATCH($E168, Sheet6!$E:$E, 0)),"N/A")} -> #NAME? | O168: VIOLATION OF PD 1602 | P168: {=_xludf.IFNA(INDEX(Sheet6!P:P, MATCH($E168, Sheet6!$E:$E, 0)),"N/A")} -> #NAME? | Q168: {=_xludf.IFNA(INDEX(Sheet6!Q:Q, MATCH($E168, Sheet6!$E:$E, 0)),"N/A")} -> #NAME? | R168: {=_xludf.IFNA(INDEX(Sheet6!R:R, MATCH($E168, Sheet6!$E:$E, 0)),"N/A")} -> #NAME? | S168: {=_xludf.IFNA(INDEX(Sheet6!S:S, MATCH($E168, Sheet6!$E:$E, 0)),"N/A")} -> #NAME? | T168: {=_xludf.IFNA(INDEX(Sheet6!T:T, MATCH($E168, Sheet6!$E:$E, 0)),"N/A")} -> #NAME? | U168: {=_xludf.IFNA(INDEX(Sheet6!U:U, MATCH($E168, Sheet6!$E:$E, 0)),"N/A")} -> #NAME? | V168: {=_xludf.IFNA(INDEX(Sheet6!V:V, MATCH($E168, Sheet6!$E:$E, 0)),"N/A")} -> #NAME? | W168: {=_xludf.IFNA(INDEX(Sheet6!W:W, MATCH($E168, Sheet6!$E:$E, 0)),"N/A")} -> #NAME? | X168: {=_xludf.IFNA(INDEX(Sheet6!X:X, MATCH($E168, Sheet6!$E:$E, 0)),"N/A")} -> #NAME?
A169: {=_xludf.IFNA(INDEX(Sheet6!A:A, MATCH($E169, Sheet6!$E:$E, 0)),"N/A")} -> #NAME? | B169: {=_xludf.IFNA(INDEX(Sheet6!B:B, MATCH($E169, Sheet6!$E:$E, 0)),"N/A")} -> #NAME? | C169: {=_xludf.IFNA(INDEX(Sheet6!C:C, MATCH($E169, Sheet6!$E:$E, 0)),"N/A")} -> #NAME? | D169: {=_xludf.IFNA(INDEX(Sheet6!D:D, MATCH($E169, Sheet6!$E:$E, 0)),"N/A")} -> #NAME? | E169: 4044 | F169: PEOPLE OF THE PHILIPPINES VS. JOVENCITA EDQUILAG Y MONILLA | G169: 41478 | H169: 41478 | I169: {=_xludf.IFNA(INDEX(Sheet6!I:I, MATCH($E169, Sheet6!$E:$E, 0)),"N/A")} -> #NAME? | J169: {=_xludf.IFNA(INDEX(Sheet6!J:J, MATCH($E169, Sheet6!$E:$E, 0)),"N/A")} -> #NAME? | K169: {=_xludf.IFNA(INDEX(Sheet6!K:K, MATCH($E169, Sheet6!$E:$E, 0)),"N/A")} -> #NAME? | L169: {=_xludf.IFNA(INDEX(Sheet6!L:L, MATCH($E169, Sheet6!$E:$E, 0)),"N/A")} -> #NAME? | M169: {=_xludf.IFNA(INDEX(Sheet6!M:M, MATCH($E169, Sheet6!$E:$E, 0)),"N/A")} -> #NAME? | N169: {=_xludf.IFNA(INDEX(Sheet6!N:N, MATCH($E169, Sheet6!$E:$E, 0)),"N/A")} -> #NAME? | O169: LIGHT ORAL DEFAMATION | P169: {=_xludf.IFNA(INDEX(Sheet6!P:P, MATCH($E169, Sheet6!$E:$E, 0)),"N/A")} -> #NAME? | Q169: {=_xludf.IFNA(INDEX(Sheet6!Q:Q, MATCH($E169, Sheet6!$E:$E, 0)),"N/A")} -> #NAME? | R169: {=_xludf.IFNA(INDEX(Sheet6!R:R, MATCH($E169, Sheet6!$E:$E, 0)),"N/A")} -> #NAME? | S169: {=_xludf.IFNA(INDEX(Sheet6!S:S, MATCH($E169, Sheet6!$E:$E, 0)),"N/A")} -> #NAME? | T169: {=_xludf.IFNA(INDEX(Sheet6!T:T, MATCH($E169, Sheet6!$E:$E, 0)),"N/A")} -> #NAME? | U169: {=_xludf.IFNA(INDEX(Sheet6!U:U, MATCH($E169, Sheet6!$E:$E, 0)),"N/A")} -> #NAME? | V169: {=_xludf.IFNA(INDEX(Sheet6!V:V, MATCH($E169, Sheet6!$E:$E, 0)),"N/A")} -> #NAME? | W169: {=_xludf.IFNA(INDEX(Sheet6!W:W, MATCH($E169, Sheet6!$E:$E, 0)),"N/A")} -> #NAME? | X169: {=_xludf.IFNA(INDEX(Sheet6!X:X, MATCH($E169, Sheet6!$E:$E, 0)),"N/A")} -> #NAME?
... A184: {=_xludf.IFNA(INDEX(Sheet6!A:A, MATCH($E184, Sheet6!$E:$E, 0)),"N/A")} -> #NAME? | B184: {=_xludf.IFNA(INDEX(Sheet6!B:B, MATCH($E184, Sheet6!$E:$E, 0)),"N/A")} -> #NAME? | C184: {=_xludf.IFNA(INDEX(Sheet6!C:C, MATCH($E184, Sheet6!$E:$E, 0)),"N/A")} -> #NAME? | D184: {=_xludf.IFNA(INDEX(Sheet6!D:D, MATCH($E184, Sheet6!$E:$E, 0)),"N/A")} -> #NAME? | E184: 4059 | F184: PEOPLE OF THE PHILIPPINES VS. EWNIE SAGURAN INDASAN, DIOSDADO ALUIYE OBELLO, JOSE LARAWAN BASICO, ELVIN BAGNOL CUIZON & JOLITO ABAO BAGNOL | G184: 41573 | H184: 41573 | I184: {=_xludf.IFNA(INDEX(Sheet6!I:I, MATCH($E184, Sheet6!$E:$E, 0)),"N/A")} -> #NAME? | J184: {=_xludf.IFNA(INDEX(Sheet6!J:J, MATCH($E184, Sheet6!$E:$E, 0)),"N/A")} -> #NAME? | K184: {=_xludf.IFNA(INDEX(Sheet6!K:K, MATCH($E184, Sheet6!$E:$E, 0)),"N/A")} -> #NAME? | L184: {=_xludf.IFNA(INDEX(Sheet6!L:L, MATCH($E184, Sheet6!$E:$E, 0)),"N/A")} -> #NAME? | M184: {=_xludf.IFNA(INDEX(Sheet6!M:M, MATCH($E184, Sheet6!$E:$E, 0)),"N/A")} -> #NAME? | N184: {=_xludf.IFNA(INDEX(Sheet6!N:N, MATCH($E184, Sheet6!$E:$E, 0)),"N/A")} -> #NAME? | O184: USURPATION OF AUTHORITY | P184: {=_xludf.IFNA(INDEX(Sheet6!P:P, MATCH($E184, Sheet6!$E:$E, 0)),"N/A")} -> #NAME? | Q184: {=_xludf.IFNA(INDEX(Sheet6!Q:Q, MATCH($E184, Sheet6!$E:$E, 0)),"N/A")} -> #NAME? | R184: {=_xludf.IFNA(INDEX(Sheet6!R:R, MATCH($E184, Sheet6!$E:$E, 0)),"N/A")} -> #NAME? | S184: {=_xludf.IFNA(INDEX(Sheet6!S:S, MATCH($E184, Sheet6!$E:$E, 0)),"N/A")} -> #NAME? | T184: {=_xludf.IFNA(INDEX(Sheet6!T:T, MATCH($E184, Sheet6!$E:$E, 0)),"N/A")} -> #NAME? | U184: {=_xludf.IFNA(INDEX(Sheet6!U:U, MATCH($E184, Sheet6!$E:$E, 0)),"N/A")} -> #NAME? | V184: {=_xludf.IFNA(INDEX(Sheet6!V:V, MATCH($E184, Sheet6!$E:$E, 0)),"N/A")} -> #NAME? | W184: {=_xludf.IFNA(INDEX(Sheet6!W:W, MATCH($E184, Sheet6!$E:$E, 0)),"N/A")} -> #NAME? | X184: {=_xludf.IFNA(INDEX(Sheet6!X:X, MATCH($E184, Sheet6!$E:$E, 0)),"N/A")} -> #NAME?
A185: {=_xludf.IFNA(INDEX(Sheet6!A:A, MATCH($E185, Sheet6!$E:$E, 0)),"N/A")} -> #NAME? | B185: {=_xludf.IFNA(INDEX(Sheet6!B:B, MATCH($E185, Sheet6!$E:$E, 0)),"N/A")} -> #NAME? | C185: {=_xludf.IFNA(INDEX(Sheet6!C:C, MATCH($E185, Sheet6!$E:$E, 0)),"N/A")} -> #NAME? | D185: {=_xludf.IFNA(INDEX(Sheet6!D:D, MATCH($E185, Sheet6!$E:$E, 0)),"N/A")} -> #NAME? | E185: 4060 | F185: PEOPLE OF THE PHILIPPINES VS. WILFREDO RANTE ASISTIDO, ROGELIO GABALES SABAL, ALEX LADERA BALANA, HELARIO APATAN EBARLE, GASPAN CABADA EBARLE | G185: 20-26-13 | H185: 20-26-13 | I185: {=_xludf.IFNA(INDEX(Sheet6!I:I, MATCH($E185, Sheet6!$E:$E, 0)),"N/A")} -> #NAME? | J185: {=_xludf.IFNA(INDEX(Sheet6!J:J, MATCH($E185, Sheet6!$E:$E, 0)),"N/A")} -> #NAME? | K185: {=_xludf.IFNA(INDEX(Sheet6!K:K, MATCH($E185, Sheet6!$E:$E, 0)),"N/A")} -> #NAME? | L185: {=_xludf.IFNA(INDEX(Sheet6!L:L, MATCH($E185, Sheet6!$E:$E, 0)),"N/A")} -> #NAME? | M185: {=_xludf.IFNA(INDEX(Sheet6!M:M, MATCH($E185, Sheet6!$E:$E, 0)),"N/A")} -> #NAME? | N185: {=_xludf.IFNA(INDEX(Sheet6!N:N, MATCH($E185, Sheet6!$E:$E, 0)),"N/A")} -> #NAME? | O185: USURPATION OF AUTHORITY | P185: {=_xludf.IFNA(INDEX(Sheet6!P:P, MATCH($E185, Sheet6!$E:$E, 0)),"N/A")} -> #NAME? | Q185: {=_xludf.IFNA(INDEX(Sheet6!Q:Q, MATCH($E185, Sheet6!$E:$E, 0)),"N/A")} -> #NAME? | R185: {=_xludf.IFNA(INDEX(Sheet6!R:R, MATCH($E185, Sheet6!$E:$E, 0)),"N/A")} -> #NAME? | S185: {=_xludf.IFNA(INDEX(Sheet6!S:S, MATCH($E185, Sheet6!$E:$E, 0)),"N/A")} -> #NAME? | T185: {=_xludf.IFNA(INDEX(Sheet6!T:T, MATCH($E185, Sheet6!$E:$E, 0)),"N/A")} -> #NAME? | U185: {=_xludf.IFNA(INDEX(Sheet6!U:U, MATCH($E185, Sheet6!$E:$E, 0)),"N/A")} -> #NAME? | V185: {=_xludf.IFNA(INDEX(Sheet6!V:V, MATCH($E185, Sheet6!$E:$E, 0)),"N/A")} -> #NAME? | W185: {=_xludf.IFNA(INDEX(Sheet6!W:W, MATCH($E185, Sheet6!$E:$E, 0)),"N/A")} -> #NAME? | X185: {=_xludf.IFNA(INDEX(Sheet6!X:X, MATCH($E185, Sheet6!$E:$E, 0)),"N/A")} -> #NAME?
A186: {=_xludf.IFNA(INDEX(Sheet6!A:A, MATCH($E186, Sheet6!$E:$E, 0)),"N/A")} -> #NAME? | B186: {=_xludf.IFNA(INDEX(Sheet6!B:B, MATCH($E186, Sheet6!$E:$E, 0)),"N/A")} -> #NAME? | C186: {=_xludf.IFNA(INDEX(Sheet6!C:C, MATCH($E186, Sheet6!$E:$E, 0)),"N/A")} -> #NAME? | D186: {=_xludf.IFNA(INDEX(Sheet6!D:D, MATCH($E186, Sheet6!$E:$E, 0)),"N/A")} -> #NAME? | E186: 4061 | F186: PEOPLE OF THE PHILIPPINES VS. NELSON ISAGA Y CASTILLO | G186: 41576 | H186: 41576 | I186: {=_xludf.IFNA(INDEX(Sheet6!I:I, MATCH($E186, Sheet6!$E:$E, 0)),"N/A")} -> #NAME? | J186: {=_xludf.IFNA(INDEX(Sheet6!J:J, MATCH($E186, Sheet6!$E:$E, 0)),"N/A")} -> #NAME? | K186: {=_xludf.IFNA(INDEX(Sheet6!K:K, MATCH($E186, Sheet6!$E:$E, 0)),"N/A")} -> #NAME? | L186: {=_xludf.IFNA(INDEX(Sheet6!L:L, MATCH($E186, Sheet6!$E:$E, 0)),"N/A")} -> #NAME? | M186: {=_xludf.IFNA(INDEX(Sheet6!M:M, MATCH($E186, Sheet6!$E:$E, 0)),"N/A")} -> #NAME? | N186: {=_xludf.IFNA(INDEX(Sheet6!N:N, MATCH($E186, Sheet6!$E:$E, 0)),"N/A")} -> #NAME? | O186: RESISTANCE TO A PERSON IN AUTHORITY | P186: {=_xludf.IFNA(INDEX(Sheet6!P:P, MATCH($E186, Sheet6!$E:$E, 0)),"N/A")} -> #NAME? | Q186: {=_xludf.IFNA(INDEX(Sheet6!Q:Q, MATCH($E186, Sheet6!$E:$E, 0)),"N/A")} -> #NAME? | R186: {=_xludf.IFNA(INDEX(Sheet6!R:R, MATCH($E186, Sheet6!$E:$E, 0)),"N/A")} -> #NAME? | S186: {=_xludf.IFNA(INDEX(Sheet6!S:S, MATCH($E186, Sheet6!$E:$E, 0)),"N/A")} -> #NAME? | T186: {=_xludf.IFNA(INDEX(Sheet6!T:T, MATCH($E186, Sheet6!$E:$E, 0)),"N/A")} -> #NAME? | U186: {=_xludf.IFNA(INDEX(Sheet6!U:U, MATCH($E186, Sheet6!$E:$E, 0)),"N/A")} -> #NAME? | V186: {=_xludf.IFNA(INDEX(Sheet6!V:V, MATCH($E186, Sheet6!$E:$E, 0)),"N/A")} -> #NAME? | W186: {=_xludf.IFNA(INDEX(Sheet6!W:W, MATCH($E186, Sheet6!$E:$E, 0)),"N/A")} -> #NAME? | X186: {=_xludf.IFNA(INDEX(Sheet6!X:X, MATCH($E186, Sheet6!$E:$E, 0)),"N/A")} -> #NAME?
A187: {=_xludf.IFNA(INDEX(Sheet6!A:A, MATCH($E187, Sheet6!$E:$E, 0)),"N/A")} -> #NAME? | B187: {=_xludf.IFNA(INDEX(Sheet6!B:B, MATCH($E187, Sheet6!$E:$E, 0)),"N/A")} -> #NAME? | C187: {=_xludf.IFNA(INDEX(Sheet6!C:C, MATCH($E187, Sheet6!$E:$E, 0)),"N/A")} -> #NAME? | D187: {=_xludf.IFNA(INDEX(Sheet6!D:D, MATCH($E187, Sheet6!$E:$E, 0)),"N/A")} -> #NAME? | E187: 4062 | F187: PEOPLE OF THE PHILIPPINES VS. GARY SERDAN Y GALUE | G187: 41598 | H187: 41598 | I187: {=_xludf.IFNA(INDEX(Sheet6!I:I, MATCH($E187, Sheet6!$E:$E, 0)),"N/A")} -> #NAME? | J187: {=_xludf.IFNA(INDEX(Sheet6!J:J, MATCH($E187, Sheet6!$E:$E, 0)),"N/A")} -> #NAME? | K187: {=_xludf.IFNA(INDEX(Sheet6!K:K, MATCH($E187, Sheet6!$E:$E, 0)),"N/A")} -> #NAME? | L187: {=_xludf.IFNA(INDEX(Sheet6!L:L, MATCH($E187, Sheet6!$E:$E, 0)),"N/A")} -> #NAME? | M187: {=_xludf.IFNA(INDEX(Sheet6!M:M, MATCH($E187, Sheet6!$E:$E, 0)),"N/A")} -> #NAME? | N187: {=_xludf.IFNA(INDEX(Sheet6!N:N, MATCH($E187, Sheet6!$E:$E, 0)),"N/A")} -> #NAME? | O187: VIOLATION OF ART. 153 OF RPC | P187: {=_xludf.IFNA(INDEX(Sheet6!P:P, MATCH($E187, Sheet6!$E:$E, 0)),"N/A")} -> #NAME? | Q187: {=_xludf.IFNA(INDEX(Sheet6!Q:Q, MATCH($E187, Sheet6!$E:$E, 0)),"N/A")} -> #NAME? | R187: {=_xludf.IFNA(INDEX(Sheet6!R:R, MATCH($E187, Sheet6!$E:$E, 0)),"N/A")} -> #NAME? | S187: {=_xludf.IFNA(INDEX(Sheet6!S:S, MATCH($E187, Sheet6!$E:$E, 0)),"N/A")} -> #NAME? | T187: {=_xludf.IFNA(INDEX(Sheet6!T:T, MATCH($E187, Sheet6!$E:$E, 0)),"N/A")} -> #NAME? | U187: {=_xludf.IFNA(INDEX(Sheet6!U:U, MATCH($E187, Sheet6!$E:$E, 0)),"N/A")} -> #NAME? | V187: {=_xludf.IFNA(INDEX(Sheet6!V:V, MATCH($E187, Sheet6!$E:$E, 0)),"N/A")} -> #NAME? | W187: {=_xludf.IFNA(INDEX(Sheet6!W:W, MATCH($E187, Sheet6!$E:$E, 0)),"N/A")} -> #NAME? | X187: {=_xludf.IFNA(INDEX(Sheet6!X:X, MATCH($E187, Sheet6!$E:$E, 0)),"N/A")} -> #NAME?
A188: {=_xludf.IFNA(INDEX(Sheet6!A:A, MATCH($E188, Sheet6!$E:$E, 0)),"N/A")} -> #NAME? | B188: {=_xludf.IFNA(INDEX(Sheet6!B:B, MATCH($E188, Sheet6!$E:$E, 0)),"N/A")} -> #NAME? | C188: {=_xludf.IFNA(INDEX(Sheet6!C:C, MATCH($E188, Sheet6!$E:$E, 0)),"N/A")} -> #NAME? | D188: {=_xludf.IFNA(INDEX(Sheet6!D:D, MATCH($E188, Sheet6!$E:$E, 0)),"N/A")} -> #NAME? | E188: 4063 | F188: PEOPLE OF THE PHILIPPINES VS. LEONILA PIZANA, FELIX "TOTO" AVILA, CARLOS AVILA, JAIME AVILA & REYNANTE AVILA | G188: 41598 | H188: 41598 | I188: {=_xludf.IFNA(INDEX(Sheet6!I:I, MATCH($E188, Sheet6!$E:$E, 0)),"N/A")} -> #NAME? | J188: {=_xludf.IFNA(INDEX(Sheet6!J:J, MATCH($E188, Sheet6!$E:$E, 0)),"N/A")} -> #NAME? | K188: {=_xludf.IFNA(INDEX(Sheet6!K:K, MATCH($E188, Sheet6!$E:$E, 0)),"N/A")} -> #NAME? | L188: {=_xludf.IFNA(INDEX(Sheet6!L:L, MATCH($E188, Sheet6!$E:$E, 0)),"N/A")} -> #NAME? | M188: {=_xludf.IFNA(INDEX(Sheet6!M:M, MATCH($E188, Sheet6!$E:$E, 0)),"N/A")} -> #NAME? | N188: {=_xludf.IFNA(INDEX(Sheet6!N:N, MATCH($E188, Sheet6!$E:$E, 0)),"N/A")} -> #NAME? | O188: GRAVE THREATS | P188: {=_xludf.IFNA(INDEX(Sheet6!P:P, MATCH($E188, Sheet6!$E:$E, 0)),"N/A")} -> #NAME? | Q188: {=_xludf.IFNA(INDEX(Sheet6!Q:Q, MATCH($E188, Sheet6!$E:$E, 0)),"N/A")} -> #NAME? | R188: {=_xludf.IFNA(INDEX(Sheet6!R:R, MATCH($E188, Sheet6!$E:$E, 0)),"N/A")} -> #NAME? | S188: {=_xludf.IFNA(INDEX(Sheet6!S:S, MATCH($E188, Sheet6!$E:$E, 0)),"N/A")} -> #NAME? | T188: {=_xludf.IFNA(INDEX(Sheet6!T:T, MATCH($E188, Sheet6!$E:$E, 0)),"N/A")} -> #NAME? | U188: {=_xludf.IFNA(INDEX(Sheet6!U:U, MATCH($E188, Sheet6!$E:$E, 0)),"N/A")} -> #NAME? | V188: {=_xludf.IFNA(INDEX(Sheet6!V:V, MATCH($E188, Sheet6!$E:$E, 0)),"N/A")} -> #NAME? | W188: {=_xludf.IFNA(INDEX(Sheet6!W:W, MATCH($E188, Sheet6!$E:$E, 0)),"N/A")} -> #NAME? | X188: {=_xludf.IFNA(INDEX(Sheet6!X:X, MATCH($E188, Sheet6!$E:$E, 0)),"N/A")} -> #NAME?
A189: {=_xludf.IFNA(INDEX(Sheet6!A:A, MATCH($E189, Sheet6!$E:$E, 0)),"N/A")} -> #NAME? | B189: {=_xludf.IFNA(INDEX(Sheet6!B:B, MATCH($E189, Sheet6!$E:$E, 0)),"N/A")} -> #NAME? | C189: {=_xludf.IFNA(INDEX(Sheet6!C:C, MATCH($E189, Sheet6!$E:$E, 0)),"N/A")} -> #NAME? | D189: {=_xludf.IFNA(INDEX(Sheet6!D:D, MATCH($E189, Sheet6!$E:$E, 0)),"N/A")} -> #NAME? | E189: 4064 | F189: PEOPLE OF THE PHILIPPINES VS. LUISITO DUMA | G189: 41603 | H189: 41603 | I189: {=_xludf.IFNA(INDEX(Sheet6!I:I, MATCH($E189, Sheet6!$E:$E, 0)),"N/A")} -> #NAME? | J189: {=_xludf.IFNA(INDEX(Sheet6!J:J, MATCH($E189, Sheet6!$E:$E, 0)),"N/A")} -> #NAME? | K189: {=_xludf.IFNA(INDEX(Sheet6!K:K, MATCH($E189, Sheet6!$E:$E, 0)),"N/A")} -> #NAME? | L189: {=_xludf.IFNA(INDEX(Sheet6!L:L, MATCH($E189, Sheet6!$E:$E, 0)),"N/A")} -> #NAME? | M189: {=_xludf.IFNA(INDEX(Sheet6!M:M, MATCH($E189, Sheet6!$E:$E, 0)),"N/A")} -> #NAME? | N189: {=_xludf.IFNA(INDEX(Sheet6!N:N, MATCH($E189, Sheet6!$E:$E, 0)),"N/A")} -> #NAME? | O189: GRAVE THREATS | P189: {=_xludf.IFNA(INDEX(Sheet6!P:P, MATCH($E189, Sheet6!$E:$E, 0)),"N/A")} -> #NAME? | Q189: {=_xludf.IFNA(INDEX(Sheet6!Q:Q, MATCH($E189, Sheet6!$E:$E, 0)),"N/A")} -> #NAME? | R189: {=_xludf.IFNA(INDEX(Sheet6!R:R, MATCH($E189, Sheet6!$E:$E, 0)),"N/A")} -> #NAME? | S189: {=_xludf.IFNA(INDEX(Sheet6!S:S, MATCH($E189, Sheet6!$E:$E, 0)),"N/A")} -> #NAME? | T189: {=_xludf.IFNA(INDEX(Sheet6!T:T, MATCH($E189, Sheet6!$E:$E, 0)),"N/A")} -> #NAME? | U189: {=_xludf.IFNA(INDEX(Sheet6!U:U, MATCH($E189, Sheet6!$E:$E, 0)),"N/A")} -> #NAME? | V189: {=_xludf.IFNA(INDEX(Sheet6!V:V, MATCH($E189, Sheet6!$E:$E, 0)),"N/A")} -> #NAME? | W189: {=_xludf.IFNA(INDEX(Sheet6!W:W, MATCH($E189, Sheet6!$E:$E, 0)),"N/A")} -> #NAME? | X189: {=_xludf.IFNA(INDEX(Sheet6!X:X, MATCH($E189, Sheet6!$E:$E, 0)),"N/A")} -> #NAME?
A190: {=_xludf.IFNA(INDEX(Sheet6!A:A, MATCH($E190, Sheet6!$E:$E, 0)),"N/A")} -> #NAME? | B190: {=_xludf.IFNA(INDEX(Sheet6!B:B, MATCH($E190, Sheet6!$E:$E, 0)),"N/A")} -> #NAME? | C190: {=_xludf.IFNA(INDEX(Sheet6!C:C, MATCH($E190, Sheet6!$E:$E, 0)),"N/A")} -> #NAME? | D190: {=_xludf.IFNA(INDEX(Sheet6!D:D, MATCH($E190, Sheet6!$E:$E, 0)),"N/A")} -> #NAME? | E190: 4065 | F190: PEOPLE OF THE PHILIPPINES VS. INGOLF HEBB | G190: 41603 | H190: 41603 | I190: {=_xludf.IFNA(INDEX(Sheet6!I:I, MATCH($E190, Sheet6!$E:$E, 0)),"N/A")} -> #NAME? | J190: {=_xludf.IFNA(INDEX(Sheet6!J:J, MATCH($E190, Sheet6!$E:$E, 0)),"N/A")} -> #NAME? | K190: {=_xludf.IFNA(INDEX(Sheet6!K:K, MATCH($E190, Sheet6!$E:$E, 0)),"N/A")} -> #NAME? | L190: {=_xludf.IFNA(INDEX(Sheet6!L:L, MATCH($E190, Sheet6!$E:$E, 0)),"N/A")} -> #NAME? | M190: {=_xludf.IFNA(INDEX(Sheet6!M:M, MATCH($E190, Sheet6!$E:$E, 0)),"N/A")} -> #NAME? | N190: {=_xludf.IFNA(INDEX(Sheet6!N:N, MATCH($E190, Sheet6!$E:$E, 0)),"N/A")} -> #NAME? | O190: UNJUST VEXATION | P190: {=_xludf.IFNA(INDEX(Sheet6!P:P, MATCH($E190, Sheet6!$E:$E, 0)),"N/A")} -> #NAME? | Q190: {=_xludf.IFNA(INDEX(Sheet6!Q:Q, MATCH($E190, Sheet6!$E:$E, 0)),"N/A")} -> #NAME? | R190: {=_xludf.IFNA(INDEX(Sheet6!R:R, MATCH($E190, Sheet6!$E:$E, 0)),"N/A")} -> #NAME? | S190: {=_xludf.IFNA(INDEX(Sheet6!S:S, MATCH($E190, Sheet6!$E:$E, 0)),"N/A")} -> #NAME? | T190: {=_xludf.IFNA(INDEX(Sheet6!T:T, MATCH($E190, Sheet6!$E:$E, 0)),"N/A")} -> #NAME? | U190: {=_xludf.IFNA(INDEX(Sheet6!U:U, MATCH($E190, Sheet6!$E:$E, 0)),"N/A")} -> #NAME? | V190: {=_xludf.IFNA(INDEX(Sheet6!V:V, MATCH($E190, Sheet6!$E:$E, 0)),"N/A")} -> #NAME? | W190: {=_xludf.IFNA(INDEX(Sheet6!W:W, MATCH($E190, Sheet6!$E:$E, 0)),"N/A")} -> #NAME? | X190: {=_xludf.IFNA(INDEX(Sheet6!X:X, MATCH($E190, Sheet6!$E:$E, 0)),"N/A")} -> #NAME?
A191: {=_xludf.IFNA(INDEX(Sheet6!A:A, MATCH($E191, Sheet6!$E:$E, 0)),"N/A")} -> #NAME? | B191: {=_xludf.IFNA(INDEX(Sheet6!B:B, MATCH($E191, Sheet6!$E:$E, 0)),"N/A")} -> #NAME? | C191: {=_xludf.IFNA(INDEX(Sheet6!C:C, MATCH($E191, Sheet6!$E:$E, 0)),"N/A")} -> #NAME? | D191: {=_xludf.IFNA(INDEX(Sheet6!D:D, MATCH($E191, Sheet6!$E:$E, 0)),"N/A")} -> #NAME? | E191: 4066 | F191: PEOPLE OF THE PHILIPPINES VS. INGOLF HEBB | G191: 41603 | H191: 41603 | I191: {=_xludf.IFNA(INDEX(Sheet6!I:I, MATCH($E191, Sheet6!$E:$E, 0)),"N/A")} -> #NAME? | J191: {=_xludf.IFNA(INDEX(Sheet6!J:J, MATCH($E191, Sheet6!$E:$E, 0)),"N/A")} -> #NAME? | K191: {=_xludf.IFNA(INDEX(Sheet6!K:K, MATCH($E191, Sheet6!$E:$E, 0)),"N/A")} -> #NAME? | L191: {=_xludf.IFNA(INDEX(Sheet6!L:L, MATCH($E191, Sheet6!$E:$E, 0)),"N/A")} -> #NAME? | M191: {=_xludf.IFNA(INDEX(Sheet6!M:M, MATCH($E191, Sheet6!$E:$E, 0)),"N/A")} -> #NAME? | N191: {=_xludf.IFNA(INDEX(Sheet6!N:N, MATCH($E191, Sheet6!$E:$E, 0)),"N/A")} -> #NAME? | O191: GRAVE THREATS | P191: {=_xludf.IFNA(INDEX(Sheet6!P:P, MATCH($E191, Sheet6!$E:$E, 0)),"N/A")} -> #NAME? | Q191: {=_xludf.IFNA(INDEX(Sheet6!Q:Q, MATCH($E191, Sheet6!$E:$E, 0)),"N/A")} -> #NAME? | R191: {=_xludf.IFNA(INDEX(Sheet6!R:R, MATCH($E191, Sheet6!$E:$E, 0)),"N/A")} -> #NAME? | S191: {=_xludf.IFNA(INDEX(Sheet6!S:S, MATCH($E191, Sheet6!$E:$E, 0)),"N/A")} -> #NAME? | T191: {=_xludf.IFNA(INDEX(Sheet6!T:T, MATCH($E191, Sheet6!$E:$E, 0)),"N/A")} -> #NAME? | U191: {=_xludf.IFNA(INDEX(Sheet6!U:U, MATCH($E191, Sheet6!$E:$E, 0)),"N/A")} -> #NAME? | V191: {=_xludf.IFNA(INDEX(Sheet6!V:V, MATCH($E191, Sheet6!$E:$E, 0)),"N/A")} -> #NAME? | W191: {=_xludf.IFNA(INDEX(Sheet6!W:W, MATCH($E191, Sheet6!$E:$E, 0)),"N/A")} -> #NAME? | X191: {=_xludf.IFNA(INDEX(Sheet6!X:X, MATCH($E191, Sheet6!$E:$E, 0)),"N/A")} -> #NAME?
A192: {=_xludf.IFNA(INDEX(Sheet6!A:A, MATCH($E192, Sheet6!$E:$E, 0)),"N/A")} -> #NAME? | B192: {=_xludf.IFNA(INDEX(Sheet6!B:B, MATCH($E192, Sheet6!$E:$E, 0)),"N/A")} -> #NAME? | C192: {=_xludf.IFNA(INDEX(Sheet6!C:C, MATCH($E192, Sheet6!$E:$E, 0)),"N/A")} -> #NAME? | D192: {=_xludf.IFNA(INDEX(Sheet6!D:D, MATCH($E192, Sheet6!$E:$E, 0)),"N/A")} -> #NAME? | E192: 4067 | F192: PEOPLE OF THE PHILIPPINES VS. LUNIE SANTA DESTAJO Y ABAO | G192: 41619 | H192: 41619 | I192: {=_xludf.IFNA(INDEX(Sheet6!I:I, MATCH($E192, Sheet6!$E:$E, 0)),"N/A")} -> #NAME? | J192: {=_xludf.IFNA(INDEX(Sheet6!J:J, MATCH($E192, Sheet6!$E:$E, 0)),"N/A")} -> #NAME? | K192: {=_xludf.IFNA(INDEX(Sheet6!K:K, MATCH($E192, Sheet6!$E:$E, 0)),"N/A")} -> #NAME? | L192: {=_xludf.IFNA(INDEX(Sheet6!L:L, MATCH($E192, Sheet6!$E:$E, 0)),"N/A")} -> #NAME? | M192: {=_xludf.IFNA(INDEX(Sheet6!M:M, MATCH($E192, Sheet6!$E:$E, 0)),"N/A")} -> #NAME? | N192: {=_xludf.IFNA(INDEX(Sheet6!N:N, MATCH($E192, Sheet6!$E:$E, 0)),"N/A")} -> #NAME? | O192: LIGHT ORAL DEFAMATION | P192: {=_xludf.IFNA(INDEX(Sheet6!P:P, MATCH($E192, Sheet6!$E:$E, 0)),"N/A")} -> #NAME? | Q192: {=_xludf.IFNA(INDEX(Sheet6!Q:Q, MATCH($E192, Sheet6!$E:$E, 0)),"N/A")} -> #NAME? | R192: {=_xludf.IFNA(INDEX(Sheet6!R:R, MATCH($E192, Sheet6!$E:$E, 0)),"N/A")} -> #NAME? | S192: {=_xludf.IFNA(INDEX(Sheet6!S:S, MATCH($E192, Sheet6!$E:$E, 0)),"N/A")} -> #NAME? | T192: {=_xludf.IFNA(INDEX(Sheet6!T:T, MATCH($E192, Sheet6!$E:$E, 0)),"N/A")} -> #NAME? | U192: {=_xludf.IFNA(INDEX(Sheet6!U:U, MATCH($E192, Sheet6!$E:$E, 0)),"N/A")} -> #NAME? | V192: {=_xludf.IFNA(INDEX(Sheet6!V:V, MATCH($E192, Sheet6!$E:$E, 0)),"N/A")} -> #NAME? | W192: {=_xludf.IFNA(INDEX(Sheet6!W:W, MATCH($E192, Sheet6!$E:$E, 0)),"N/A")} -> #NAME? | X192: {=_xludf.IFNA(INDEX(Sheet6!X:X, MATCH($E192, Sheet6!$E:$E, 0)),"N/A")} -> #NAME?
A193: {=_xludf.IFNA(INDEX(Sheet6!A:A, MATCH($E193, Sheet6!$E:$E, 0)),"N/A")} -> #NAME? | B193: {=_xludf.IFNA(INDEX(Sheet6!B:B, MATCH($E193, Sheet6!$E:$E, 0)),"N/A")} -> #NAME? | C193: {=_xludf.IFNA(INDEX(Sheet6!C:C, MATCH($E193, Sheet6!$E:$E, 0)),"N/A")} -> #NAME? | D193: {=_xludf.IFNA(INDEX(Sheet6!D:D, MATCH($E193, Sheet6!$E:$E, 0)),"N/A")} -> #NAME? | E193: 4068 | F193: PEOPLE OF THE PHILIPPINES VS. MIKE DAGOMAN Y APAG | G193: 41626 | H193: 41626 | I193: {=_xludf.IFNA(INDEX(Sheet6!I:I, MATCH($E193, Sheet6!$E:$E, 0)),"N/A")} -> #NAME? | J193: {=_xludf.IFNA(INDEX(Sheet6!J:J, MATCH($E193, Sheet6!$E:$E, 0)),"N/A")} -> #NAME? | K193: {=_xludf.IFNA(INDEX(Sheet6!K:K, MATCH($E193, Sheet6!$E:$E, 0)),"N/A")} -> #NAME? | L193: {=_xludf.IFNA(INDEX(Sheet6!L:L, MATCH($E193, Sheet6!$E:$E, 0)),"N/A")} -> #NAME? | M193: {=_xludf.IFNA(INDEX(Sheet6!M:M, MATCH($E193, Sheet6!$E:$E, 0)),"N/A")} -> #NAME? | N193: {=_xludf.IFNA(INDEX(Sheet6!N:N, MATCH($E193, Sheet6!$E:$E, 0)),"N/A")} -> #NAME? | O193: VIOLATION OF PD 1602 | P193: {=_xludf.IFNA(INDEX(Sheet6!P:P, MATCH($E193, Sheet6!$E:$E, 0)),"N/A")} -> #NAME? | Q193: {=_xludf.IFNA(INDEX(Sheet6!Q:Q, MATCH($E193, Sheet6!$E:$E, 0)),"N/A")} -> #NAME? | R193: {=_xludf.IFNA(INDEX(Sheet6!R:R, MATCH($E193, Sheet6!$E:$E, 0)),"N/A")} -> #NAME? | S193: {=_xludf.IFNA(INDEX(Sheet6!S:S, MATCH($E193, Sheet6!$E:$E, 0)),"N/A")} -> #NAME? | T193: {=_xludf.IFNA(INDEX(Sheet6!T:T, MATCH($E193, Sheet6!$E:$E, 0)),"N/A")} -> #NAME? | U193: {=_xludf.IFNA(INDEX(Sheet6!U:U, MATCH($E193, Sheet6!$E:$E, 0)),"N/A")} -> #NAME? | V193: {=_xludf.IFNA(INDEX(Sheet6!V:V, MATCH($E193, Sheet6!$E:$E, 0)),"N/A")} -> #NAME? | W193: {=_xludf.IFNA(INDEX(Sheet6!W:W, MATCH($E193, Sheet6!$E:$E, 0)),"N/A")} -> #NAME? | X193: {=_xludf.IFNA(INDEX(Sheet6!X:X, MATCH($E193, Sheet6!$E:$E, 0)),"N/A")} -> #NAME?
A194: {=_xludf.IFNA(INDEX(Sheet6!A:A, MATCH($E194, Sheet6!$E:$E, 0)),"N/A")} -> #NAME? | B194: {=_xludf.IFNA(INDEX(Sheet6!B:B, MATCH($E194, Sheet6!$E:$E, 0)),"N/A")} -> #NAME? | C194: {=_xludf.IFNA(INDEX(Sheet6!C:C, MATCH($E194, Sheet6!$E:$E, 0)),"N/A")} -> #NAME? | D194: {=_xludf.IFNA(INDEX(Sheet6!D:D, MATCH($E194, Sheet6!$E:$E, 0)),"N/A")} -> #NAME? | E194: 4069 | F194: PEOPLE OF THE PHILIPPINES VS. LINO R. BAUTISTA | G194: 41668 | H194: 41668 | I194: {=_xludf.IFNA(INDEX(Sheet6!I:I, MATCH($E194, Sheet6!$E:$E, 0)),"N/A")} -> #NAME? | J194: {=_xludf.IFNA(INDEX(Sheet6!J:J, MATCH($E194, Sheet6!$E:$E, 0)),"N/A")} -> #NAME? | K194: {=_xludf.IFNA(INDEX(Sheet6!K:K, MATCH($E194, Sheet6!$E:$E, 0)),"N/A")} -> #NAME? | L194: {=_xludf.IFNA(INDEX(Sheet6!L:L, MATCH($E194, Sheet6!$E:$E, 0)),"N/A")} -> #NAME? | M194: {=_xludf.IFNA(INDEX(Sheet6!M:M, MATCH($E194, Sheet6!$E:$E, 0)),"N/A")} -> #NAME? | N194: {=_xludf.IFNA(INDEX(Sheet6!N:N, MATCH($E194, Sheet6!$E:$E, 0)),"N/A")} -> #NAME? | O194: ILLEGAL CONVERSION SEC.73(E) OF RA 6657 | P194: {=_xludf.IFNA(INDEX(Sheet6!P:P, MATCH($E194, Sheet6!$E:$E, 0)),"N/A")} -> #NAME? | Q194: {=_xludf.IFNA(INDEX(Sheet6!Q:Q, MATCH($E194, Sheet6!$E:$E, 0)),"N/A")} -> #NAME? | R194: {=_xludf.IFNA(INDEX(Sheet6!R:R, MATCH($E194, Sheet6!$E:$E, 0)),"N/A")} -> #NAME? | S194: {=_xludf.IFNA(INDEX(Sheet6!S:S, MATCH($E194, Sheet6!$E:$E, 0)),"N/A")} -> #NAME? | T194: {=_xludf.IFNA(INDEX(Sheet6!T:T, MATCH($E194, Sheet6!$E:$E, 0)),"N/A")} -> #NAME? | U194: {=_xludf.IFNA(INDEX(Sheet6!U:U, MATCH($E194, Sheet6!$E:$E, 0)),"N/A")} -> #NAME? | V194: {=_xludf.IFNA(INDEX(Sheet6!V:V, MATCH($E194, Sheet6!$E:$E, 0)),"N/A")} -> #NAME? | W194: {=_xludf.IFNA(INDEX(Sheet6!W:W, MATCH($E194, Sheet6!$E:$E, 0)),"N/A")} -> #NAME? | X194: {=_xludf.IFNA(INDEX(Sheet6!X:X, MATCH($E194, Sheet6!$E:$E, 0)),"N/A")} -> #NAME?
A195: {=_xludf.IFNA(INDEX(Sheet6!A:A, MATCH($E195, Sheet6!$E:$E, 0)),"N/A")} -> #NAME? | B195: {=_xludf.IFNA(INDEX(Sheet6!B:B, MATCH($E195, Sheet6!$E:$E, 0)),"N/A")} -> #NAME? | C195: {=_xludf.IFNA(INDEX(Sheet6!C:C, MATCH($E195, Sheet6!$E:$E, 0)),"N/A")} -> #NAME? | D195: {=_xludf.IFNA(INDEX(Sheet6!D:D, MATCH($E195, Sheet6!$E:$E, 0)),"N/A")} -> #NAME? | E195: 4070 | F195: PEOPLE OF THE PHILIPPINES VS. DANILO GULTIANO Y BOKINGO | G195: 41675 | H195: 41675 | I195: {=_xludf.IFNA(INDEX(Sheet6!I:I, MATCH($E195, Sheet6!$E:$E, 0)),"N/A")} -> #NAME? | J195: {=_xludf.IFNA(INDEX(Sheet6!J:J, MATCH($E195, Sheet6!$E:$E, 0)),"N/A")} -> #NAME? | K195: {=_xludf.IFNA(INDEX(Sheet6!K:K, MATCH($E195, Sheet6!$E:$E, 0)),"N/A")} -> #NAME? | L195: {=_xludf.IFNA(INDEX(Sheet6!L:L, MATCH($E195, Sheet6!$E:$E, 0)),"N/A")} -> #NAME? | M195: {=_xludf.IFNA(INDEX(Sheet6!M:M, MATCH($E195, Sheet6!$E:$E, 0)),"N/A")} -> #NAME? | N195: {=_xludf.IFNA(INDEX(Sheet6!N:N, MATCH($E195, Sheet6!$E:$E, 0)),"N/A")} -> #NAME? | O195: GRAVE ORAL DEFAMATION | P195: {=_xludf.IFNA(INDEX(Sheet6!P:P, MATCH($E195, Sheet6!$E:$E, 0)),"N/A")} -> #NAME? | Q195: {=_xludf.IFNA(INDEX(Sheet6!Q:Q, MATCH($E195, Sheet6!$E:$E, 0)),"N/A")} -> #NAME? | R195: {=_xludf.IFNA(INDEX(Sheet6!R:R, MATCH($E195, Sheet6!$E:$E, 0)),"N/A")} -> #NAME? | S195: {=_xludf.IFNA(INDEX(Sheet6!S:S, MATCH($E195, Sheet6!$E:$E, 0)),"N/A")} -> #NAME? | T195: {=_xludf.IFNA(INDEX(Sheet6!T:T, MATCH($E195, Sheet6!$E:$E, 0)),"N/A")} -> #NAME? | U195: {=_xludf.IFNA(INDEX(Sheet6!U:U, MATCH($E195, Sheet6!$E:$E, 0)),"N/A")} -> #NAME? | V195: {=_xludf.IFNA(INDEX(Sheet6!V:V, MATCH($E195, Sheet6!$E:$E, 0)),"N/A")} -> #NAME? | W195: {=_xludf.IFNA(INDEX(Sheet6!W:W, MATCH($E195, Sheet6!$E:$E, 0)),"N/A")} -> #NAME? | X195: {=_xludf.IFNA(INDEX(Sheet6!X:X, MATCH($E195, Sheet6!$E:$E, 0)),"N/A")} -> #NAME?
A196: {=_xludf.IFNA(INDEX(Sheet6!A:A, MATCH($E196, Sheet6!$E:$E, 0)),"N/A")} -> #NAME? | B196: {=_xludf.IFNA(INDEX(Sheet6!B:B, MATCH($E196, Sheet6!$E:$E, 0)),"N/A")} -> #NAME? | C196: {=_xludf.IFNA(INDEX(Sheet6!C:C, MATCH($E196, Sheet6!$E:$E, 0)),"N/A")} -> #NAME? | D196: {=_xludf.IFNA(INDEX(Sheet6!D:D, MATCH($E196, Sheet6!$E:$E, 0)),"N/A")} -> #NAME? | E196: 4071 | F196: PEOPLE OF THE PHILIPPINES VS. KIM SABSAL | G196: 41675 | H196: 41675 | I196: {=_xludf.IFNA(INDEX(Sheet6!I:I, MATCH($E196, Sheet6!$E:$E, 0)),"N/A")} -> #NAME? | J196: {=_xludf.IFNA(INDEX(Sheet6!J:J, MATCH($E196, Sheet6!$E:$E, 0)),"N/A")} -> #NAME? | K196: {=_xludf.IFNA(INDEX(Sheet6!K:K, MATCH($E196, Sheet6!$E:$E, 0)),"N/A")} -> #NAME? | L196: {=_xludf.IFNA(INDEX(Sheet6!L:L, MATCH($E196, Sheet6!$E:$E, 0)),"N/A")} -> #NAME? | M196: {=_xludf.IFNA(INDEX(Sheet6!M:M, MATCH($E196, Sheet6!$E:$E, 0)),"N/A")} -> #NAME? | N196: {=_xludf.IFNA(INDEX(Sheet6!N:N, MATCH($E196, Sheet6!$E:$E, 0)),"N/A")} -> #NAME? | O196: UNJUST VEXATION | P196: {=_xludf.IFNA(INDEX(Sheet6!P:P, MATCH($E196, Sheet6!$E:$E, 0)),"N/A")} -> #NAME? | Q196: {=_xludf.IFNA(INDEX(Sheet6!Q:Q, MATCH($E196, Sheet6!$E:$E, 0)),"N/A")} -> #NAME? | R196: {=_xludf.IFNA(INDEX(Sheet6!R:R, MATCH($E196, Sheet6!$E:$E, 0)),"N/A")} -> #NAME? | S196: {=_xludf.IFNA(INDEX(Sheet6!S:S, MATCH($E196, Sheet6!$E:$E, 0)),"N/A")} -> #NAME? | T196: {=_xludf.IFNA(INDEX(Sheet6!T:T, MATCH($E196, Sheet6!$E:$E, 0)),"N/A")} -> #NAME? | U196: {=_xludf.IFNA(INDEX(Sheet6!U:U, MATCH($E196, Sheet6!$E:$E, 0)),"N/A")} -> #NAME? | V196: {=_xludf.IFNA(INDEX(Sheet6!V:V, MATCH($E196, Sheet6!$E:$E, 0)),"N/A")} -> #NAME? | W196: {=_xludf.IFNA(INDEX(Sheet6!W:W, MATCH($E196, Sheet6!$E:$E, 0)),"N/A")} -> #NAME? | X196: {=_xludf.IFNA(INDEX(Sheet6!X:X, MATCH($E196, Sheet6!$E:$E, 0)),"N/A")} -> #NAME?
A197: {=_xludf.IFNA(INDEX(Sheet6!A:A, MATCH($E197, Sheet6!$E:$E, 0)),"N/A")} -> #NAME? | B197: {=_xludf.IFNA(INDEX(Sheet6!B:B, MATCH($E197, Sheet6!$E:$E, 0)),"N/A")} -> #NAME? | C197: {=_xludf.IFNA(INDEX(Sheet6!C:C, MATCH($E197, Sheet6!$E:$E, 0)),"N/A")} -> #NAME? | D197: {=_xludf.IFNA(INDEX(Sheet6!D:D, MATCH($E197, Sheet6!$E:$E, 0)),"N/A")} -> #NAME? | E197: 4072 | F197: PEOPLE OF THE PHILIPPINES VS. GRACE SABSAL | G197: 41675 | H197: 41675 | I197: {=_xludf.IFNA(INDEX(Sheet6!I:I, MATCH($E197, Sheet6!$E:$E, 0)),"N/A")} -> #NAME? | J197: {=_xludf.IFNA(INDEX(Sheet6!J:J, MATCH($E197, Sheet6!$E:$E, 0)),"N/A")} -> #NAME? | K197: {=_xludf.IFNA(INDEX(Sheet6!K:K, MATCH($E197, Sheet6!$E:$E, 0)),"N/A")} -> #NAME? | L197: {=_xludf.IFNA(INDEX(Sheet6!L:L, MATCH($E197, Sheet6!$E:$E, 0)),"N/A")} -> #NAME? | M197: {=_xludf.IFNA(INDEX(Sheet6!M:M, MATCH($E197, Sheet6!$E:$E, 0)),"N/A")} -> #NAME? | N197: {=_xludf.IFNA(INDEX(Sheet6!N:N, MATCH($E197, Sheet6!$E:$E, 0)),"N/A")} -> #NAME? | O197: OTHER MISCHIEF | P197: {=_xludf.IFNA(INDEX(Sheet6!P:P, MATCH($E197, Sheet6!$E:$E, 0)),"N/A")} -> #NAME? | Q197: {=_xludf.IFNA(INDEX(Sheet6!Q:Q, MATCH($E197, Sheet6!$E:$E, 0)),"N/A")} -> #NAME? | R197: {=_xludf.IFNA(INDEX(Sheet6!R:R, MATCH($E197, Sheet6!$E:$E, 0)),"N/A")} -> #NAME? | S197: {=_xludf.IFNA(INDEX(Sheet6!S:S, MATCH($E197, Sheet6!$E:$E, 0)),"N/A")} -> #NAME? | T197: {=_xludf.IFNA(INDEX(Sheet6!T:T, MATCH($E197, Sheet6!$E:$E, 0)),"N/A")} -> #NAME? | U197: {=_xludf.IFNA(INDEX(Sheet6!U:U, MATCH($E197, Sheet6!$E:$E, 0)),"N/A")} -> #NAME? | V197: {=_xludf.IFNA(INDEX(Sheet6!V:V, MATCH($E197, Sheet6!$E:$E, 0)),"N/A")} -> #NAME? | W197: {=_xludf.IFNA(INDEX(Sheet6!W:W, MATCH($E197, Sheet6!$E:$E, 0)),"N/A")} -> #NAME? | X197: {=_xludf.IFNA(INDEX(Sheet6!X:X, MATCH($E197, Sheet6!$E:$E, 0)),"N/A")} -> #NAME?
... A313: {=_xludf.IFNA(INDEX(Sheet6!A:A, MATCH($E313, Sheet6!$E:$E, 0)),"N/A")} -> #NAME? | B313: {=_xludf.IFNA(INDEX(Sheet6!B:B, MATCH($E313, Sheet6!$E:$E, 0)),"N/A")} -> #NAME? | C313: {=_xludf.IFNA(INDEX(Sheet6!C:C, MATCH($E313, Sheet6!$E:$E, 0)),"N/A")} -> #NAME? | D313: {=_xludf.IFNA(INDEX(Sheet6!D:D, MATCH($E313, Sheet6!$E:$E, 0)),"N/A")} -> #NAME? | E313: 4188 | F313: PEOPLE OF THE PHILIPPINES VS. EDWIN ASISTIDO Y GETES, ARTURO LADAO Y DALADAN, ARNOLD TIMTIM Y BOLINGUIT | G313: 42786 | H313: 42786 | I313: {=_xludf.IFNA(INDEX(Sheet6!I:I, MATCH($E313, Sheet6!$E:$E, 0)),"N/A")} -> #NAME? | J313: {=_xludf.IFNA(INDEX(Sheet6!J:J, MATCH($E313, Sheet6!$E:$E, 0)),"N/A")} -> #NAME? | K313: {=_xludf.IFNA(INDEX(Sheet6!K:K, MATCH($E313, Sheet6!$E:$E, 0)),"N/A")} -> #NAME? | L313: {=_xludf.IFNA(INDEX(Sheet6!L:L, MATCH($E313, Sheet6!$E:$E, 0)),"N/A")} -> #NAME? | M313: {=_xludf.IFNA(INDEX(Sheet6!M:M, MATCH($E313, Sheet6!$E:$E, 0)),"N/A")} -> #NAME? | N313: {=_xludf.IFNA(INDEX(Sheet6!N:N, MATCH($E313, Sheet6!$E:$E, 0)),"N/A")} -> #NAME? | O313: VIOLATION OF PD 1602 | P313: {=_xludf.IFNA(INDEX(Sheet6!P:P, MATCH($E313, Sheet6!$E:$E, 0)),"N/A")} -> #NAME? | Q313: {=_xludf.IFNA(INDEX(Sheet6!Q:Q, MATCH($E313, Sheet6!$E:$E, 0)),"N/A")} -> #NAME? | R313: {=_xludf.IFNA(INDEX(Sheet6!R:R, MATCH($E313, Sheet6!$E:$E, 0)),"N/A")} -> #NAME? | S313: {=_xludf.IFNA(INDEX(Sheet6!S:S, MATCH($E313, Sheet6!$E:$E, 0)),"N/A")} -> #NAME? | T313: {=_xludf.IFNA(INDEX(Sheet6!T:T, MATCH($E313, Sheet6!$E:$E, 0)),"N/A")} -> #NAME? | U313: {=_xludf.IFNA(INDEX(Sheet6!U:U, MATCH($E313, Sheet6!$E:$E, 0)),"N/A")} -> #NAME? | V313: {=_xludf.IFNA(INDEX(Sheet6!V:V, MATCH($E313, Sheet6!$E:$E, 0)),"N/A")} -> #NAME? | W313: {=_xludf.IFNA(INDEX(Sheet6!W:W, MATCH($E313, Sheet6!$E:$E, 0)),"N/A")} -> #NAME? | X313: {=_xludf.IFNA(INDEX(Sheet6!X:X, MATCH($E313, Sheet6!$E:$E, 0)),"N/A")} -> #NAME?
A314: {=_xludf.IFNA(INDEX(Sheet6!A:A, MATCH($E314, Sheet6!$E:$E, 0)),"N/A")} -> #NAME? | B314: {=_xludf.IFNA(INDEX(Sheet6!B:B, MATCH($E314, Sheet6!$E:$E, 0)),"N/A")} -> #NAME? | C314: {=_xludf.IFNA(INDEX(Sheet6!C:C, MATCH($E314, Sheet6!$E:$E, 0)),"N/A")} -> #NAME? | D314: {=_xludf.IFNA(INDEX(Sheet6!D:D, MATCH($E314, Sheet6!$E:$E, 0)),"N/A")} -> #NAME? | E314: 4189 | F314: PEOPLE OF THE PHILIPPINES VS. ESTERLITA ABUGA | G314: 42793 | H314: 42793 | I314: {=_xludf.IFNA(INDEX(Sheet6!I:I, MATCH($E314, Sheet6!$E:$E, 0)),"N/A")} -> #NAME? | J314: {=_xludf.IFNA(INDEX(Sheet6!J:J, MATCH($E314, Sheet6!$E:$E, 0)),"N/A")} -> #NAME? | K314: {=_xludf.IFNA(INDEX(Sheet6!K:K, MATCH($E314, Sheet6!$E:$E, 0)),"N/A")} -> #NAME? | L314: {=_xludf.IFNA(INDEX(Sheet6!L:L, MATCH($E314, Sheet6!$E:$E, 0)),"N/A")} -> #NAME? | M314: {=_xludf.IFNA(INDEX(Sheet6!M:M, MATCH($E314, Sheet6!$E:$E, 0)),"N/A")} -> #NAME? | N314: {=_xludf.IFNA(INDEX(Sheet6!N:N, MATCH($E314, Sheet6!$E:$E, 0)),"N/A")} -> #NAME? | P314: {=_xludf.IFNA(INDEX(Sheet6!P:P, MATCH($E314, Sheet6!$E:$E, 0)),"N/A")} -> #NAME? | Q314: {=_xludf.IFNA(INDEX(Sheet6!Q:Q, MATCH($E314, Sheet6!$E:$E, 0)),"N/A")} -> #NAME? | R314: {=_xludf.IFNA(INDEX(Sheet6!R:R, MATCH($E314, Sheet6!$E:$E, 0)),"N/A")} -> #NAME? | S314: {=_xludf.IFNA(INDEX(Sheet6!S:S, MATCH($E314, Sheet6!$E:$E, 0)),"N/A")} -> #NAME? | T314: {=_xludf.IFNA(INDEX(Sheet6!T:T, MATCH($E314, Sheet6!$E:$E, 0)),"N/A")} -> #NAME? | U314: {=_xludf.IFNA(INDEX(Sheet6!U:U, MATCH($E314, Sheet6!$E:$E, 0)),"N/A")} -> #NAME? | V314: {=_xludf.IFNA(INDEX(Sheet6!V:V, MATCH($E314, Sheet6!$E:$E, 0)),"N/A")} -> #NAME? | W314: {=_xludf.IFNA(INDEX(Sheet6!W:W, MATCH($E314, Sheet6!$E:$E, 0)),"N/A")} -> #NAME? | X314: {=_xludf.IFNA(INDEX(Sheet6!X:X, MATCH($E314, Sheet6!$E:$E, 0)),"N/A")} -> #NAME?
A315: {=_xludf.IFNA(INDEX(Sheet6!A:A, MATCH($E315, Sheet6!$E:$E, 0)),"N/A")} -> #NAME? | B315: {=_xludf.IFNA(INDEX(Sheet6!B:B, MATCH($E315, Sheet6!$E:$E, 0)),"N/A")} -> #NAME? | C315: {=_xludf.IFNA(INDEX(Sheet6!C:C, MATCH($E315, Sheet6!$E:$E, 0)),"N/A")} -> #NAME? | D315: {=_xludf.IFNA(INDEX(Sheet6!D:D, MATCH($E315, Sheet6!$E:$E, 0)),"N/A")} -> #NAME? | E315: 4190 | F315: PEOPLE OF THE PHILIPPINES VS. DEXTER GUEVARRA PALMA | G315: 42800 | H315: 42800 | I315: {=_xludf.IFNA(INDEX(Sheet6!I:I, MATCH($E315, Sheet6!$E:$E, 0)),"N/A")} -> #NAME? | J315: {=_xludf.IFNA(INDEX(Sheet6!J:J, MATCH($E315, Sheet6!$E:$E, 0)),"N/A")} -> #NAME? | K315: {=_xludf.IFNA(INDEX(Sheet6!K:K, MATCH($E315, Sheet6!$E:$E, 0)),"N/A")} -> #NAME? | L315: {=_xludf.IFNA(INDEX(Sheet6!L:L, MATCH($E315, Sheet6!$E:$E, 0)),"N/A")} -> #NAME? | M315: {=_xludf.IFNA(INDEX(Sheet6!M:M, MATCH($E315, Sheet6!$E:$E, 0)),"N/A")} -> #NAME? | N315: {=_xludf.IFNA(INDEX(Sheet6!N:N, MATCH($E315, Sheet6!$E:$E, 0)),"N/A")} -> #NAME? | O315: VIOLATION OF RA 9287 | P315: {=_xludf.IFNA(INDEX(Sheet6!P:P, MATCH($E315, Sheet6!$E:$E, 0)),"N/A")} -> #NAME? | Q315: {=_xludf.IFNA(INDEX(Sheet6!Q:Q, MATCH($E315, Sheet6!$E:$E, 0)),"N/A")} -> #NAME? | R315: {=_xludf.IFNA(INDEX(Sheet6!R:R, MATCH($E315, Sheet6!$E:$E, 0)),"N/A")} -> #NAME? | S315: {=_xludf.IFNA(INDEX(Sheet6!S:S, MATCH($E315, Sheet6!$E:$E, 0)),"N/A")} -> #NAME? | T315: {=_xludf.IFNA(INDEX(Sheet6!T:T, MATCH($E315, Sheet6!$E:$E, 0)),"N/A")} -> #NAME? | U315: {=_xludf.IFNA(INDEX(Sheet6!U:U, MATCH($E315, Sheet6!$E:$E, 0)),"N/A")} -> #NAME? | V315: {=_xludf.IFNA(INDEX(Sheet6!V:V, MATCH($E315, Sheet6!$E:$E, 0)),"N/A")} -> #NAME? | W315: {=_xludf.IFNA(INDEX(Sheet6!W:W, MATCH($E315, Sheet6!$E:$E, 0)),"N/A")} -> #NAME? | X315: {=_xludf.IFNA(INDEX(Sheet6!X:X, MATCH($E315, Sheet6!$E:$E, 0)),"N/A")} -> #NAME?
A316: {=_xludf.IFNA(INDEX(Sheet6!A:A, MATCH($E316, Sheet6!$E:$E, 0)),"N/A")} -> #NAME? | B316: {=_xludf.IFNA(INDEX(Sheet6!B:B, MATCH($E316, Sheet6!$E:$E, 0)),"N/A")} -> #NAME? | C316: {=_xludf.IFNA(INDEX(Sheet6!C:C, MATCH($E316, Sheet6!$E:$E, 0)),"N/A")} -> #NAME? | D316: {=_xludf.IFNA(INDEX(Sheet6!D:D, MATCH($E316, Sheet6!$E:$E, 0)),"N/A")} -> #NAME? | E316: 4191 | F316: PEOPLE OF THE PHILIPPINES VS. RUDY GUNDO CANTONG | G316: 42807 | H316: 42807 | I316: {=_xludf.IFNA(INDEX(Sheet6!I:I, MATCH($E316, Sheet6!$E:$E, 0)),"N/A")} -> #NAME? | J316: {=_xludf.IFNA(INDEX(Sheet6!J:J, MATCH($E316, Sheet6!$E:$E, 0)),"N/A")} -> #NAME? | K316: {=_xludf.IFNA(INDEX(Sheet6!K:K, MATCH($E316, Sheet6!$E:$E, 0)),"N/A")} -> #NAME? | L316: {=_xludf.IFNA(INDEX(Sheet6!L:L, MATCH($E316, Sheet6!$E:$E, 0)),"N/A")} -> #NAME? | M316: {=_xludf.IFNA(INDEX(Sheet6!M:M, MATCH($E316, Sheet6!$E:$E, 0)),"N/A")} -> #NAME? | N316: {=_xludf.IFNA(INDEX(Sheet6!N:N, MATCH($E316, Sheet6!$E:$E, 0)),"N/A")} -> #NAME? | O316: MALICIOUS MISCHIEF | P316: {=_xludf.IFNA(INDEX(Sheet6!P:P, MATCH($E316, Sheet6!$E:$E, 0)),"N/A")} -> #NAME? | Q316: {=_xludf.IFNA(INDEX(Sheet6!Q:Q, MATCH($E316, Sheet6!$E:$E, 0)),"N/A")} -> #NAME? | R316: {=_xludf.IFNA(INDEX(Sheet6!R:R, MATCH($E316, Sheet6!$E:$E, 0)),"N/A")} -> #NAME? | S316: {=_xludf.IFNA(INDEX(Sheet6!S:S, MATCH($E316, Sheet6!$E:$E, 0)),"N/A")} -> #NAME? | T316: {=_xludf.IFNA(INDEX(Sheet6!T:T, MATCH($E316, Sheet6!$E:$E, 0)),"N/A")} -> #NAME? | U316: {=_xludf.IFNA(INDEX(Sheet6!U:U, MATCH($E316, Sheet6!$E:$E, 0)),"N/A")} -> #NAME? | V316: {=_xludf.IFNA(INDEX(Sheet6!V:V, MATCH($E316, Sheet6!$E:$E, 0)),"N/A")} -> #NAME? | W316: {=_xludf.IFNA(INDEX(Sheet6!W:W, MATCH($E316, Sheet6!$E:$E, 0)),"N/A")} -> #NAME? | X316: {=_xludf.IFNA(INDEX(Sheet6!X:X, MATCH($E316, Sheet6!$E:$E, 0)),"N/A")} -> #NAME?
A317: {=_xludf.IFNA(INDEX(Sheet6!A:A, MATCH($E317, Sheet6!$E:$E, 0)),"N/A")} -> #NAME? | B317: {=_xludf.IFNA(INDEX(Sheet6!B:B, MATCH($E317, Sheet6!$E:$E, 0)),"N/A")} -> #NAME? | C317: {=_xludf.IFNA(INDEX(Sheet6!C:C, MATCH($E317, Sheet6!$E:$E, 0)),"N/A")} -> #NAME? | D317: {=_xludf.IFNA(INDEX(Sheet6!D:D, MATCH($E317, Sheet6!$E:$E, 0)),"N/A")} -> #NAME? | E317: 4192 | F317: PEOPLE OF THE PHILIPPINES VS. ROLDAN PAYLANGCO | G317: 42816 | H317: 42816 | I317: {=_xludf.IFNA(INDEX(Sheet6!I:I, MATCH($E317, Sheet6!$E:$E, 0)),"N/A")} -> #NAME? | J317: {=_xludf.IFNA(INDEX(Sheet6!J:J, MATCH($E317, Sheet6!$E:$E, 0)),"N/A")} -> #NAME? | K317: {=_xludf.IFNA(INDEX(Sheet6!K:K, MATCH($E317, Sheet6!$E:$E, 0)),"N/A")} -> #NAME? | L317: {=_xludf.IFNA(INDEX(Sheet6!L:L, MATCH($E317, Sheet6!$E:$E, 0)),"N/A")} -> #NAME? | M317: {=_xludf.IFNA(INDEX(Sheet6!M:M, MATCH($E317, Sheet6!$E:$E, 0)),"N/A")} -> #NAME? | N317: {=_xludf.IFNA(INDEX(Sheet6!N:N, MATCH($E317, Sheet6!$E:$E, 0)),"N/A")} -> #NAME? | O317: SLIGHT PHYSICAN INJURIES | P317: {=_xludf.IFNA(INDEX(Sheet6!P:P, MATCH($E317, Sheet6!$E:$E, 0)),"N/A")} -> #NAME? | Q317: {=_xludf.IFNA(INDEX(Sheet6!Q:Q, MATCH($E317, Sheet6!$E:$E, 0)),"N/A")} -> #NAME? | R317: {=_xludf.IFNA(INDEX(Sheet6!R:R, MATCH($E317, Sheet6!$E:$E, 0)),"N/A")} -> #NAME? | S317: {=_xludf.IFNA(INDEX(Sheet6!S:S, MATCH($E317, Sheet6!$E:$E, 0)),"N/A")} -> #NAME? | T317: {=_xludf.IFNA(INDEX(Sheet6!T:T, MATCH($E317, Sheet6!$E:$E, 0)),"N/A")} -> #NAME? | U317: {=_xludf.IFNA(INDEX(Sheet6!U:U, MATCH($E317, Sheet6!$E:$E, 0)),"N/A")} -> #NAME? | V317: {=_xludf.IFNA(INDEX(Sheet6!V:V, MATCH($E317, Sheet6!$E:$E, 0)),"N/A")} -> #NAME? | W317: {=_xludf.IFNA(INDEX(Sheet6!W:W, MATCH($E317, Sheet6!$E:$E, 0)),"N/A")} -> #NAME? | X317: {=_xludf.IFNA(INDEX(Sheet6!X:X, MATCH($E317, Sheet6!$E:$E, 0)),"N/A")} -> #NAME?
A318: {=_xludf.IFNA(INDEX(Sheet6!A:A, MATCH($E318, Sheet6!$E:$E, 0)),"N/A")} -> #NAME? | B318: {=_xludf.IFNA(INDEX(Sheet6!B:B, MATCH($E318, Sheet6!$E:$E, 0)),"N/A")} -> #NAME? | C318: {=_xludf.IFNA(INDEX(Sheet6!C:C, MATCH($E318, Sheet6!$E:$E, 0)),"N/A")} -> #NAME? | D318: {=_xludf.IFNA(INDEX(Sheet6!D:D, MATCH($E318, Sheet6!$E:$E, 0)),"N/A")} -> #NAME? | E318: 4193 | F318: PEOPLE OF THE PHILIPPINES VS. TEODOROR A. LASCUNA, JR. | G318: 42822 | H318: 42822 | I318: {=_xludf.IFNA(INDEX(Sheet6!I:I, MATCH($E318, Sheet6!$E:$E, 0)),"N/A")} -> #NAME? | J318: {=_xludf.IFNA(INDEX(Sheet6!J:J, MATCH($E318, Sheet6!$E:$E, 0)),"N/A")} -> #NAME? | K318: {=_xludf.IFNA(INDEX(Sheet6!K:K, MATCH($E318, Sheet6!$E:$E, 0)),"N/A")} -> #NAME? | L318: {=_xludf.IFNA(INDEX(Sheet6!L:L, MATCH($E318, Sheet6!$E:$E, 0)),"N/A")} -> #NAME? | M318: {=_xludf.IFNA(INDEX(Sheet6!M:M, MATCH($E318, Sheet6!$E:$E, 0)),"N/A")} -> #NAME? | N318: {=_xludf.IFNA(INDEX(Sheet6!N:N, MATCH($E318, Sheet6!$E:$E, 0)),"N/A")} -> #NAME? | P318: {=_xludf.IFNA(INDEX(Sheet6!P:P, MATCH($E318, Sheet6!$E:$E, 0)),"N/A")} -> #NAME? | Q318: {=_xludf.IFNA(INDEX(Sheet6!Q:Q, MATCH($E318, Sheet6!$E:$E, 0)),"N/A")} -> #NAME? | R318: {=_xludf.IFNA(INDEX(Sheet6!R:R, MATCH($E318, Sheet6!$E:$E, 0)),"N/A")} -> #NAME? | S318: {=_xludf.IFNA(INDEX(Sheet6!S:S, MATCH($E318, Sheet6!$E:$E, 0)),"N/A")} -> #NAME? | T318: {=_xludf.IFNA(INDEX(Sheet6!T:T, MATCH($E318, Sheet6!$E:$E, 0)),"N/A")} -> #NAME? | U318: {=_xludf.IFNA(INDEX(Sheet6!U:U, MATCH($E318, Sheet6!$E:$E, 0)),"N/A")} -> #NAME? | V318: {=_xludf.IFNA(INDEX(Sheet6!V:V, MATCH($E318, Sheet6!$E:$E, 0)),"N/A")} -> #NAME? | W318: {=_xludf.IFNA(INDEX(Sheet6!W:W, MATCH($E318, Sheet6!$E:$E, 0)),"N/A")} -> #NAME? | X318: {=_xludf.IFNA(INDEX(Sheet6!X:X, MATCH($E318, Sheet6!$E:$E, 0)),"N/A")} -> #NAME?
A319: {=_xludf.IFNA(INDEX(Sheet6!A:A, MATCH($E319, Sheet6!$E:$E, 0)),"N/A")} -> #NAME? | B319: {=_xludf.IFNA(INDEX(Sheet6!B:B, MATCH($E319, Sheet6!$E:$E, 0)),"N/A")} -> #NAME? | C319: {=_xludf.IFNA(INDEX(Sheet6!C:C, MATCH($E319, Sheet6!$E:$E, 0)),"N/A")} -> #NAME? | D319: {=_xludf.IFNA(INDEX(Sheet6!D:D, MATCH($E319, Sheet6!$E:$E, 0)),"N/A")} -> #NAME? | E319: 4194 | F319: PEOPLE OF THE PHILIPPINES VS. ERNESTO A. ONTONG | G319: 42857 | H319: 42857 | I319: {=_xludf.IFNA(INDEX(Sheet6!I:I, MATCH($E319, Sheet6!$E:$E, 0)),"N/A")} -> #NAME? | J319: {=_xludf.IFNA(INDEX(Sheet6!J:J, MATCH($E319, Sheet6!$E:$E, 0)),"N/A")} -> #NAME? | K319: {=_xludf.IFNA(INDEX(Sheet6!K:K, MATCH($E319, Sheet6!$E:$E, 0)),"N/A")} -> #NAME? | L319: {=_xludf.IFNA(INDEX(Sheet6!L:L, MATCH($E319, Sheet6!$E:$E, 0)),"N/A")} -> #NAME? | M319: {=_xludf.IFNA(INDEX(Sheet6!M:M, MATCH($E319, Sheet6!$E:$E, 0)),"N/A")} -> #NAME? | N319: {=_xludf.IFNA(INDEX(Sheet6!N:N, MATCH($E319, Sheet6!$E:$E, 0)),"N/A")} -> #NAME? | O319: VIOLATION OF PD 1602 | P319: {=_xludf.IFNA(INDEX(Sheet6!P:P, MATCH($E319, Sheet6!$E:$E, 0)),"N/A")} -> #NAME? | Q319: {=_xludf.IFNA(INDEX(Sheet6!Q:Q, MATCH($E319, Sheet6!$E:$E, 0)),"N/A")} -> #NAME? | R319: {=_xludf.IFNA(INDEX(Sheet6!R:R, MATCH($E319, Sheet6!$E:$E, 0)),"N/A")} -> #NAME? | S319: {=_xludf.IFNA(INDEX(Sheet6!S:S, MATCH($E319, Sheet6!$E:$E, 0)),"N/A")} -> #NAME? | T319: {=_xludf.IFNA(INDEX(Sheet6!T:T, MATCH($E319, Sheet6!$E:$E, 0)),"N/A")} -> #NAME? | U319: {=_xludf.IFNA(INDEX(Sheet6!U:U, MATCH($E319, Sheet6!$E:$E, 0)),"N/A")} -> #NAME? | V319: {=_xludf.IFNA(INDEX(Sheet6!V:V, MATCH($E319, Sheet6!$E:$E, 0)),"N/A")} -> #NAME? | W319: {=_xludf.IFNA(INDEX(Sheet6!W:W, MATCH($E319, Sheet6!$E:$E, 0)),"N/A")} -> #NAME? | X319: {=_xludf.IFNA(INDEX(Sheet6!X:X, MATCH($E319, Sheet6!$E:$E, 0)),"N/A")} -> #NAME?
A320: {=_xludf.IFNA(INDEX(Sheet6!A:A, MATCH($E320, Sheet6!$E:$E, 0)),"N/A")} -> #NAME? | B320: {=_xludf.IFNA(INDEX(Sheet6!B:B, MATCH($E320, Sheet6!$E:$E, 0)),"N/A")} -> #NAME? | C320: {=_xludf.IFNA(INDEX(Sheet6!C:C, MATCH($E320, Sheet6!$E:$E, 0)),"N/A")} -> #NAME? | D320: {=_xludf.IFNA(INDEX(Sheet6!D:D, MATCH($E320, Sheet6!$E:$E, 0)),"N/A")} -> #NAME? | E320: 4195 | F320: PEOPLE OF THE PHILIPPINES VS. EDUARDO B. MANGGAS | G320: 42857 | H320: 42857 | I320: {=_xludf.IFNA(INDEX(Sheet6!I:I, MATCH($E320, Sheet6!$E:$E, 0)),"N/A")} -> #NAME? | J320: {=_xludf.IFNA(INDEX(Sheet6!J:J, MATCH($E320, Sheet6!$E:$E, 0)),"N/A")} -> #NAME? | K320: {=_xludf.IFNA(INDEX(Sheet6!K:K, MATCH($E320, Sheet6!$E:$E, 0)),"N/A")} -> #NAME? | L320: {=_xludf.IFNA(INDEX(Sheet6!L:L, MATCH($E320, Sheet6!$E:$E, 0)),"N/A")} -> #NAME? | M320: {=_xludf.IFNA(INDEX(Sheet6!M:M, MATCH($E320, Sheet6!$E:$E, 0)),"N/A")} -> #NAME? | N320: {=_xludf.IFNA(INDEX(Sheet6!N:N, MATCH($E320, Sheet6!$E:$E, 0)),"N/A")} -> #NAME? | O320: VIOLATION OF PD 1602 | P320: {=_xludf.IFNA(INDEX(Sheet6!P:P, MATCH($E320, Sheet6!$E:$E, 0)),"N/A")} -> #NAME? | Q320: {=_xludf.IFNA(INDEX(Sheet6!Q:Q, MATCH($E320, Sheet6!$E:$E, 0)),"N/A")} -> #NAME? | R320: {=_xludf.IFNA(INDEX(Sheet6!R:R, MATCH($E320, Sheet6!$E:$E, 0)),"N/A")} -> #NAME? | S320: {=_xludf.IFNA(INDEX(Sheet6!S:S, MATCH($E320, Sheet6!$E:$E, 0)),"N/A")} -> #NAME? | T320: {=_xludf.IFNA(INDEX(Sheet6!T:T, MATCH($E320, Sheet6!$E:$E, 0)),"N/A")} -> #NAME? | U320: {=_xludf.IFNA(INDEX(Sheet6!U:U, MATCH($E320, Sheet6!$E:$E, 0)),"N/A")} -> #NAME? | V320: {=_xludf.IFNA(INDEX(Sheet6!V:V, MATCH($E320, Sheet6!$E:$E, 0)),"N/A")} -> #NAME? | W320: {=_xludf.IFNA(INDEX(Sheet6!W:W, MATCH($E320, Sheet6!$E:$E, 0)),"N/A")} -> #NAME? | X320: {=_xludf.IFNA(INDEX(Sheet6!X:X, MATCH($E320, Sheet6!$E:$E, 0)),"N/A")} -> #NAME?
A321: {=_xludf.IFNA(INDEX(Sheet6!A:A, MATCH($E321, Sheet6!$E:$E, 0)),"N/A")} -> #NAME? | B321: {=_xludf.IFNA(INDEX(Sheet6!B:B, MATCH($E321, Sheet6!$E:$E, 0)),"N/A")} -> #NAME? | C321: {=_xludf.IFNA(INDEX(Sheet6!C:C, MATCH($E321, Sheet6!$E:$E, 0)),"N/A")} -> #NAME? | D321: {=_xludf.IFNA(INDEX(Sheet6!D:D, MATCH($E321, Sheet6!$E:$E, 0)),"N/A")} -> #NAME? | E321: 4196 | F321: PEOPLE OF THE PHILIPPINES VS. NORMA MIA BETONIO | G321: 42857 | H321: 42857 | I321: {=_xludf.IFNA(INDEX(Sheet6!I:I, MATCH($E321, Sheet6!$E:$E, 0)),"N/A")} -> #NAME? | J321: {=_xludf.IFNA(INDEX(Sheet6!J:J, MATCH($E321, Sheet6!$E:$E, 0)),"N/A")} -> #NAME? | K321: {=_xludf.IFNA(INDEX(Sheet6!K:K, MATCH($E321, Sheet6!$E:$E, 0)),"N/A")} -> #NAME? | L321: {=_xludf.IFNA(INDEX(Sheet6!L:L, MATCH($E321, Sheet6!$E:$E, 0)),"N/A")} -> #NAME? | M321: {=_xludf.IFNA(INDEX(Sheet6!M:M, MATCH($E321, Sheet6!$E:$E, 0)),"N/A")} -> #NAME? | N321: {=_xludf.IFNA(INDEX(Sheet6!N:N, MATCH($E321, Sheet6!$E:$E, 0)),"N/A")} -> #NAME? | O321: SIMPLE SLANDER | P321: {=_xludf.IFNA(INDEX(Sheet6!P:P, MATCH($E321, Sheet6!$E:$E, 0)),"N/A")} -> #NAME? | Q321: {=_xludf.IFNA(INDEX(Sheet6!Q:Q, MATCH($E321, Sheet6!$E:$E, 0)),"N/A")} -> #NAME? | R321: {=_xludf.IFNA(INDEX(Sheet6!R:R, MATCH($E321, Sheet6!$E:$E, 0)),"N/A")} -> #NAME? | S321: {=_xludf.IFNA(INDEX(Sheet6!S:S, MATCH($E321, Sheet6!$E:$E, 0)),"N/A")} -> #NAME? | T321: {=_xludf.IFNA(INDEX(Sheet6!T:T, MATCH($E321, Sheet6!$E:$E, 0)),"N/A")} -> #NAME? | U321: {=_xludf.IFNA(INDEX(Sheet6!U:U, MATCH($E321, Sheet6!$E:$E, 0)),"N/A")} -> #NAME? | V321: {=_xludf.IFNA(INDEX(Sheet6!V:V, MATCH($E321, Sheet6!$E:$E, 0)),"N/A")} -> #NAME? | W321: {=_xludf.IFNA(INDEX(Sheet6!W:W, MATCH($E321, Sheet6!$E:$E, 0)),"N/A")} -> #NAME? | X321: {=_xludf.IFNA(INDEX(Sheet6!X:X, MATCH($E321, Sheet6!$E:$E, 0)),"N/A")} -> #NAME?
A322: {=_xludf.IFNA(INDEX(Sheet6!A:A, MATCH($E322, Sheet6!$E:$E, 0)),"N/A")} -> #NAME? | B322: {=_xludf.IFNA(INDEX(Sheet6!B:B, MATCH($E322, Sheet6!$E:$E, 0)),"N/A")} -> #NAME? | C322: {=_xludf.IFNA(INDEX(Sheet6!C:C, MATCH($E322, Sheet6!$E:$E, 0)),"N/A")} -> #NAME? | D322: {=_xludf.IFNA(INDEX(Sheet6!D:D, MATCH($E322, Sheet6!$E:$E, 0)),"N/A")} -> #NAME? | E322: 4197 | F322: PEOPLE OF THE PHILIPPINES VS. IGNACIO BETONIO | G322: 42857 | H322: 42857 | I322: {=_xludf.IFNA(INDEX(Sheet6!I:I, MATCH($E322, Sheet6!$E:$E, 0)),"N/A")} -> #NAME? | J322: {=_xludf.IFNA(INDEX(Sheet6!J:J, MATCH($E322, Sheet6!$E:$E, 0)),"N/A")} -> #NAME? | K322: {=_xludf.IFNA(INDEX(Sheet6!K:K, MATCH($E322, Sheet6!$E:$E, 0)),"N/A")} -> #NAME? | L322: {=_xludf.IFNA(INDEX(Sheet6!L:L, MATCH($E322, Sheet6!$E:$E, 0)),"N/A")} -> #NAME? | M322: {=_xludf.IFNA(INDEX(Sheet6!M:M, MATCH($E322, Sheet6!$E:$E, 0)),"N/A")} -> #NAME? | N322: {=_xludf.IFNA(INDEX(Sheet6!N:N, MATCH($E322, Sheet6!$E:$E, 0)),"N/A")} -> #NAME? | O322: OTHER LIGHT THREATS | P322: {=_xludf.IFNA(INDEX(Sheet6!P:P, MATCH($E322, Sheet6!$E:$E, 0)),"N/A")} -> #NAME? | Q322: {=_xludf.IFNA(INDEX(Sheet6!Q:Q, MATCH($E322, Sheet6!$E:$E, 0)),"N/A")} -> #NAME? | R322: {=_xludf.IFNA(INDEX(Sheet6!R:R, MATCH($E322, Sheet6!$E:$E, 0)),"N/A")} -> #NAME? | S322: {=_xludf.IFNA(INDEX(Sheet6!S:S, MATCH($E322, Sheet6!$E:$E, 0)),"N/A")} -> #NAME? | T322: {=_xludf.IFNA(INDEX(Sheet6!T:T, MATCH($E322, Sheet6!$E:$E, 0)),"N/A")} -> #NAME? | U322: {=_xludf.IFNA(INDEX(Sheet6!U:U, MATCH($E322, Sheet6!$E:$E, 0)),"N/A")} -> #NAME? | V322: {=_xludf.IFNA(INDEX(Sheet6!V:V, MATCH($E322, Sheet6!$E:$E, 0)),"N/A")} -> #NAME? | W322: {=_xludf.IFNA(INDEX(Sheet6!W:W, MATCH($E322, Sheet6!$E:$E, 0)),"N/A")} -> #NAME? | X322: {=_xludf.IFNA(INDEX(Sheet6!X:X, MATCH($E322, Sheet6!$E:$E, 0)),"N/A")} -> #NAME?
A323: {=_xludf.IFNA(INDEX(Sheet6!A:A, MATCH($E323, Sheet6!$E:$E, 0)),"N/A")} -> #NAME? | B323: {=_xludf.IFNA(INDEX(Sheet6!B:B, MATCH($E323, Sheet6!$E:$E, 0)),"N/A")} -> #NAME? | C323: {=_xludf.IFNA(INDEX(Sheet6!C:C, MATCH($E323, Sheet6!$E:$E, 0)),"N/A")} -> #NAME? | D323: {=_xludf.IFNA(INDEX(Sheet6!D:D, MATCH($E323, Sheet6!$E:$E, 0)),"N/A")} -> #NAME? | E323: 4198 | F323: PEOPLE OF THE PHILIPPINES VS. FERLO CASTILLO VALES ALIAS ERLU | G323: 42865 | H323: 42865 | I323: {=_xludf.IFNA(INDEX(Sheet6!I:I, MATCH($E323, Sheet6!$E:$E, 0)),"N/A")} -> #NAME? | J323: {=_xludf.IFNA(INDEX(Sheet6!J:J, MATCH($E323, Sheet6!$E:$E, 0)),"N/A")} -> #NAME? | K323: {=_xludf.IFNA(INDEX(Sheet6!K:K, MATCH($E323, Sheet6!$E:$E, 0)),"N/A")} -> #NAME? | L323: {=_xludf.IFNA(INDEX(Sheet6!L:L, MATCH($E323, Sheet6!$E:$E, 0)),"N/A")} -> #NAME? | M323: {=_xludf.IFNA(INDEX(Sheet6!M:M, MATCH($E323, Sheet6!$E:$E, 0)),"N/A")} -> #NAME? | N323: {=_xludf.IFNA(INDEX(Sheet6!N:N, MATCH($E323, Sheet6!$E:$E, 0)),"N/A")} -> #NAME? | O323: VIOLATION OF BP BLG. 6 | P323: {=_xludf.IFNA(INDEX(Sheet6!P:P, MATCH($E323, Sheet6!$E:$E, 0)),"N/A")} -> #NAME? | Q323: {=_xludf.IFNA(INDEX(Sheet6!Q:Q, MATCH($E323, Sheet6!$E:$E, 0)),"N/A")} -> #NAME? | R323: {=_xludf.IFNA(INDEX(Sheet6!R:R, MATCH($E323, Sheet6!$E:$E, 0)),"N/A")} -> #NAME? | S323: {=_xludf.IFNA(INDEX(Sheet6!S:S, MATCH($E323, Sheet6!$E:$E, 0)),"N/A")} -> #NAME? | T323: {=_xludf.IFNA(INDEX(Sheet6!T:T, MATCH($E323, Sheet6!$E:$E, 0)),"N/A")} -> #NAME? | U323: {=_xludf.IFNA(INDEX(Sheet6!U:U, MATCH($E323, Sheet6!$E:$E, 0)),"N/A")} -> #NAME? | V323: {=_xludf.IFNA(INDEX(Sheet6!V:V, MATCH($E323, Sheet6!$E:$E, 0)),"N/A")} -> #NAME? | W323: {=_xludf.IFNA(INDEX(Sheet6!W:W, MATCH($E323, Sheet6!$E:$E, 0)),"N/A")} -> #NAME? | X323: {=_xludf.IFNA(INDEX(Sheet6!X:X, MATCH($E323, Sheet6!$E:$E, 0)),"N/A")} -> #NAME?
A324: {=_xludf.IFNA(INDEX(Sheet6!A:A, MATCH($E324, Sheet6!$E:$E, 0)),"N/A")} -> #NAME? | B324: {=_xludf.IFNA(INDEX(Sheet6!B:B, MATCH($E324, Sheet6!$E:$E, 0)),"N/A")} -> #NAME? | C324: {=_xludf.IFNA(INDEX(Sheet6!C:C, MATCH($E324, Sheet6!$E:$E, 0)),"N/A")} -> #NAME? | D324: {=_xludf.IFNA(INDEX(Sheet6!D:D, MATCH($E324, Sheet6!$E:$E, 0)),"N/A")} -> #NAME? | E324: 4199 | F324: PEOPLE OF THE PHILIPPINES VS. EMMANUEL MONTALBAN | G324: 42901 | H324: 42901 | I324: {=_xludf.IFNA(INDEX(Sheet6!I:I, MATCH($E324, Sheet6!$E:$E, 0)),"N/A")} -> #NAME? | J324: {=_xludf.IFNA(INDEX(Sheet6!J:J, MATCH($E324, Sheet6!$E:$E, 0)),"N/A")} -> #NAME? | K324: {=_xludf.IFNA(INDEX(Sheet6!K:K, MATCH($E324, Sheet6!$E:$E, 0)),"N/A")} -> #NAME? | L324: {=_xludf.IFNA(INDEX(Sheet6!L:L, MATCH($E324, Sheet6!$E:$E, 0)),"N/A")} -> #NAME? | M324: {=_xludf.IFNA(INDEX(Sheet6!M:M, MATCH($E324, Sheet6!$E:$E, 0)),"N/A")} -> #NAME? | N324: {=_xludf.IFNA(INDEX(Sheet6!N:N, MATCH($E324, Sheet6!$E:$E, 0)),"N/A")} -> #NAME? | P324: {=_xludf.IFNA(INDEX(Sheet6!P:P, MATCH($E324, Sheet6!$E:$E, 0)),"N/A")} -> #NAME? | Q324: {=_xludf.IFNA(INDEX(Sheet6!Q:Q, MATCH($E324, Sheet6!$E:$E, 0)),"N/A")} -> #NAME? | R324: {=_xludf.IFNA(INDEX(Sheet6!R:R, MATCH($E324, Sheet6!$E:$E, 0)),"N/A")} -> #NAME? | S324: {=_xludf.IFNA(INDEX(Sheet6!S:S, MATCH($E324, Sheet6!$E:$E, 0)),"N/A")} -> #NAME? | T324: {=_xludf.IFNA(INDEX(Sheet6!T:T, MATCH($E324, Sheet6!$E:$E, 0)),"N/A")} -> #NAME? | U324: {=_xludf.IFNA(INDEX(Sheet6!U:U, MATCH($E324, Sheet6!$E:$E, 0)),"N/A")} -> #NAME? | V324: {=_xludf.IFNA(INDEX(Sheet6!V:V, MATCH($E324, Sheet6!$E:$E, 0)),"N/A")} -> #NAME? | W324: {=_xludf.IFNA(INDEX(Sheet6!W:W, MATCH($E324, Sheet6!$E:$E, 0)),"N/A")} -> #NAME? | X324: {=_xludf.IFNA(INDEX(Sheet6!X:X, MATCH($E324, Sheet6!$E:$E, 0)),"N/A")} -> #NAME?
A325: {=_xludf.IFNA(INDEX(Sheet6!A:A, MATCH($E325, Sheet6!$E:$E, 0)),"N/A")} -> #NAME? | B325: {=_xludf.IFNA(INDEX(Sheet6!B:B, MATCH($E325, Sheet6!$E:$E, 0)),"N/A")} -> #NAME? | C325: {=_xludf.IFNA(INDEX(Sheet6!C:C, MATCH($E325, Sheet6!$E:$E, 0)),"N/A")} -> #NAME? | D325: {=_xludf.IFNA(INDEX(Sheet6!D:D, MATCH($E325, Sheet6!$E:$E, 0)),"N/A")} -> #NAME? | E325: 4200 | F325: PEOPLE OF THE PHILIPPINES VS. JERVEN P. MATOS | G325: 42884 | H325: 42884 | I325: {=_xludf.IFNA(INDEX(Sheet6!I:I, MATCH($E325, Sheet6!$E:$E, 0)),"N/A")} -> #NAME? | J325: {=_xludf.IFNA(INDEX(Sheet6!J:J, MATCH($E325, Sheet6!$E:$E, 0)),"N/A")} -> #NAME? | K325: {=_xludf.IFNA(INDEX(Sheet6!K:K, MATCH($E325, Sheet6!$E:$E, 0)),"N/A")} -> #NAME? | L325: {=_xludf.IFNA(INDEX(Sheet6!L:L, MATCH($E325, Sheet6!$E:$E, 0)),"N/A")} -> #NAME? | M325: {=_xludf.IFNA(INDEX(Sheet6!M:M, MATCH($E325, Sheet6!$E:$E, 0)),"N/A")} -> #NAME? | N325: {=_xludf.IFNA(INDEX(Sheet6!N:N, MATCH($E325, Sheet6!$E:$E, 0)),"N/A")} -> #NAME? | O325: ATTEMPTED HOMICIDE | P325: {=_xludf.IFNA(INDEX(Sheet6!P:P, MATCH($E325, Sheet6!$E:$E, 0)),"N/A")} -> #NAME? | Q325: {=_xludf.IFNA(INDEX(Sheet6!Q:Q, MATCH($E325, Sheet6!$E:$E, 0)),"N/A")} -> #NAME? | R325: {=_xludf.IFNA(INDEX(Sheet6!R:R, MATCH($E325, Sheet6!$E:$E, 0)),"N/A")} -> #NAME? | S325: {=_xludf.IFNA(INDEX(Sheet6!S:S, MATCH($E325, Sheet6!$E:$E, 0)),"N/A")} -> #NAME? | T325: {=_xludf.IFNA(INDEX(Sheet6!T:T, MATCH($E325, Sheet6!$E:$E, 0)),"N/A")} -> #NAME? | U325: {=_xludf.IFNA(INDEX(Sheet6!U:U, MATCH($E325, Sheet6!$E:$E, 0)),"N/A")} -> #NAME? | V325: {=_xludf.IFNA(INDEX(Sheet6!V:V, MATCH($E325, Sheet6!$E:$E, 0)),"N/A")} -> #NAME? | W325: {=_xludf.IFNA(INDEX(Sheet6!W:W, MATCH($E325, Sheet6!$E:$E, 0)),"N/A")} -> #NAME? | X325: {=_xludf.IFNA(INDEX(Sheet6!X:X, MATCH($E325, Sheet6!$E:$E, 0)),"N/A")} -> #NAME?
A326: {=_xludf.IFNA(INDEX(Sheet6!A:A, MATCH($E326, Sheet6!$E:$E, 0)),"N/A")} -> #NAME? | B326: {=_xludf.IFNA(INDEX(Sheet6!B:B, MATCH($E326, Sheet6!$E:$E, 0)),"N/A")} -> #NAME? | C326: {=_xludf.IFNA(INDEX(Sheet6!C:C, MATCH($E326, Sheet6!$E:$E, 0)),"N/A")} -> #NAME? | D326: {=_xludf.IFNA(INDEX(Sheet6!D:D, MATCH($E326, Sheet6!$E:$E, 0)),"N/A")} -> #NAME? | E326: 4201 | F326: PEOPLE OF THE PHILIPPINES VS. DENGIO TEMPLE TURDOS | G326: 42900 | H326: 42900 | I326: {=_xludf.IFNA(INDEX(Sheet6!I:I, MATCH($E326, Sheet6!$E:$E, 0)),"N/A")} -> #NAME? | J326: {=_xludf.IFNA(INDEX(Sheet6!J:J, MATCH($E326, Sheet6!$E:$E, 0)),"N/A")} -> #NAME? | K326: {=_xludf.IFNA(INDEX(Sheet6!K:K, MATCH($E326, Sheet6!$E:$E, 0)),"N/A")} -> #NAME? | L326: {=_xludf.IFNA(INDEX(Sheet6!L:L, MATCH($E326, Sheet6!$E:$E, 0)),"N/A")} -> #NAME? | M326: {=_xludf.IFNA(INDEX(Sheet6!M:M, MATCH($E326, Sheet6!$E:$E, 0)),"N/A")} -> #NAME? | N326: {=_xludf.IFNA(INDEX(Sheet6!N:N, MATCH($E326, Sheet6!$E:$E, 0)),"N/A")} -> #NAME? | O326: VIOLATION OF RA 8048 AS AMENDED BY RA 10593 | P326: {=_xludf.IFNA(INDEX(Sheet6!P:P, MATCH($E326, Sheet6!$E:$E, 0)),"N/A")} -> #NAME? | Q326: {=_xludf.IFNA(INDEX(Sheet6!Q:Q, MATCH($E326, Sheet6!$E:$E, 0)),"N/A")} -> #NAME? | R326: {=_xludf.IFNA(INDEX(Sheet6!R:R, MATCH($E326, Sheet6!$E:$E, 0)),"N/A")} -> #NAME? | S326: {=_xludf.IFNA(INDEX(Sheet6!S:S, MATCH($E326, Sheet6!$E:$E, 0)),"N/A")} -> #NAME? | T326: {=_xludf.IFNA(INDEX(Sheet6!T:T, MATCH($E326, Sheet6!$E:$E, 0)),"N/A")} -> #NAME? | U326: {=_xludf.IFNA(INDEX(Sheet6!U:U, MATCH($E326, Sheet6!$E:$E, 0)),"N/A")} -> #NAME? | V326: {=_xludf.IFNA(INDEX(Sheet6!V:V, MATCH($E326, Sheet6!$E:$E, 0)),"N/A")} -> #NAME? | W326: {=_xludf.IFNA(INDEX(Sheet6!W:W, MATCH($E326, Sheet6!$E:$E, 0)),"N/A")} -> #NAME? | X326: {=_xludf.IFNA(INDEX(Sheet6!X:X, MATCH($E326, Sheet6!$E:$E, 0)),"N/A")} -> #NAME?
A327: {=_xludf.IFNA(INDEX(Sheet6!A:A, MATCH($E327, Sheet6!$E:$E, 0)),"N/A")} -> #NAME? | B327: {=_xludf.IFNA(INDEX(Sheet6!B:B, MATCH($E327, Sheet6!$E:$E, 0)),"N/A")} -> #NAME? | C327: {=_xludf.IFNA(INDEX(Sheet6!C:C, MATCH($E327, Sheet6!$E:$E, 0)),"N/A")} -> #NAME? | D327: {=_xludf.IFNA(INDEX(Sheet6!D:D, MATCH($E327, Sheet6!$E:$E, 0)),"N/A")} -> #NAME? | E327: 4202 | F327: PEOPLE OF THE PHILIPPINES VS. EULBALDO DOPNALDO DELA CRUZ, EFREN MAKILING BUCIO & ANTONIO JAGMOG LAMBO | G327: 42900 | H327: 42900 | I327: {=_xludf.IFNA(INDEX(Sheet6!I:I, MATCH($E327, Sheet6!$E:$E, 0)),"N/A")} -> #NAME? | J327: {=_xludf.IFNA(INDEX(Sheet6!J:J, MATCH($E327, Sheet6!$E:$E, 0)),"N/A")} -> #NAME? | K327: {=_xludf.IFNA(INDEX(Sheet6!K:K, MATCH($E327, Sheet6!$E:$E, 0)),"N/A")} -> #NAME? | L327: {=_xludf.IFNA(INDEX(Sheet6!L:L, MATCH($E327, Sheet6!$E:$E, 0)),"N/A")} -> #NAME? | M327: {=_xludf.IFNA(INDEX(Sheet6!M:M, MATCH($E327, Sheet6!$E:$E, 0)),"N/A")} -> #NAME? | N327: {=_xludf.IFNA(INDEX(Sheet6!N:N, MATCH($E327, Sheet6!$E:$E, 0)),"N/A")} -> #NAME? | O327: VIOLATION OF PD 1602 | P327: {=_xludf.IFNA(INDEX(Sheet6!P:P, MATCH($E327, Sheet6!$E:$E, 0)),"N/A")} -> #NAME? | Q327: {=_xludf.IFNA(INDEX(Sheet6!Q:Q, MATCH($E327, Sheet6!$E:$E, 0)),"N/A")} -> #NAME? | R327: {=_xludf.IFNA(INDEX(Sheet6!R:R, MATCH($E327, Sheet6!$E:$E, 0)),"N/A")} -> #NAME? | S327: {=_xludf.IFNA(INDEX(Sheet6!S:S, MATCH($E327, Sheet6!$E:$E, 0)),"N/A")} -> #NAME? | T327: {=_xludf.IFNA(INDEX(Sheet6!T:T, MATCH($E327, Sheet6!$E:$E, 0)),"N/A")} -> #NAME? | U327: {=_xludf.IFNA(INDEX(Sheet6!U:U, MATCH($E327, Sheet6!$E:$E, 0)),"N/A")} -> #NAME? | V327: {=_xludf.IFNA(INDEX(Sheet6!V:V, MATCH($E327, Sheet6!$E:$E, 0)),"N/A")} -> #NAME? | W327: {=_xludf.IFNA(INDEX(Sheet6!W:W, MATCH($E327, Sheet6!$E:$E, 0)),"N/A")} -> #NAME? | X327: {=_xludf.IFNA(INDEX(Sheet6!X:X, MATCH($E327, Sheet6!$E:$E, 0)),"N/A")} -> #NAME?
A328: {=_xludf.IFNA(INDEX(Sheet6!A:A, MATCH($E328, Sheet6!$E:$E, 0)),"N/A")} -> #NAME? | B328: {=_xludf.IFNA(INDEX(Sheet6!B:B, MATCH($E328, Sheet6!$E:$E, 0)),"N/A")} -> #NAME? | C328: {=_xludf.IFNA(INDEX(Sheet6!C:C, MATCH($E328, Sheet6!$E:$E, 0)),"N/A")} -> #NAME? | D328: {=_xludf.IFNA(INDEX(Sheet6!D:D, MATCH($E328, Sheet6!$E:$E, 0)),"N/A")} -> #NAME? | E328: 4203 | F328: PEOPLE OF THE PHILIPPINES VS. NIEL GERALDO MORI | G328: 42905 | H328: 42905 | I328: {=_xludf.IFNA(INDEX(Sheet6!I:I, MATCH($E328, Sheet6!$E:$E, 0)),"N/A")} -> #NAME? | J328: {=_xludf.IFNA(INDEX(Sheet6!J:J, MATCH($E328, Sheet6!$E:$E, 0)),"N/A")} -> #NAME? | K328: {=_xludf.IFNA(INDEX(Sheet6!K:K, MATCH($E328, Sheet6!$E:$E, 0)),"N/A")} -> #NAME? | L328: {=_xludf.IFNA(INDEX(Sheet6!L:L, MATCH($E328, Sheet6!$E:$E, 0)),"N/A")} -> #NAME? | M328: {=_xludf.IFNA(INDEX(Sheet6!M:M, MATCH($E328, Sheet6!$E:$E, 0)),"N/A")} -> #NAME? | N328: {=_xludf.IFNA(INDEX(Sheet6!N:N, MATCH($E328, Sheet6!$E:$E, 0)),"N/A")} -> #NAME? | O328: RECKLESS IMPRUDENCE RESULTING TO SERIOUS PHYSICAL INJURIES | P328: {=_xludf.IFNA(INDEX(Sheet6!P:P, MATCH($E328, Sheet6!$E:$E, 0)),"N/A")} -> #NAME? | Q328: {=_xludf.IFNA(INDEX(Sheet6!Q:Q, MATCH($E328, Sheet6!$E:$E, 0)),"N/A")} -> #NAME? | R328: {=_xludf.IFNA(INDEX(Sheet6!R:R, MATCH($E328, Sheet6!$E:$E, 0)),"N/A")} -> #NAME? | S328: {=_xludf.IFNA(INDEX(Sheet6!S:S, MATCH($E328, Sheet6!$E:$E, 0)),"N/A")} -> #NAME? | T328: {=_xludf.IFNA(INDEX(Sheet6!T:T, MATCH($E328, Sheet6!$E:$E, 0)),"N/A")} -> #NAME? | U328: {=_xludf.IFNA(INDEX(Sheet6!U:U, MATCH($E328, Sheet6!$E:$E, 0)),"N/A")} -> #NAME? | V328: {=_xludf.IFNA(INDEX(Sheet6!V:V, MATCH($E328, Sheet6!$E:$E, 0)),"N/A")} -> #NAME? | W328: {=_xludf.IFNA(INDEX(Sheet6!W:W, MATCH($E328, Sheet6!$E:$E, 0)),"N/A")} -> #NAME? | X328: {=_xludf.IFNA(INDEX(Sheet6!X:X, MATCH($E328, Sheet6!$E:$E, 0)),"N/A")} -> #NAME?
A329: {=_xludf.IFNA(INDEX(Sheet6!A:A, MATCH($E329, Sheet6!$E:$E, 0)),"N/A")} -> #NAME? | B329: {=_xludf.IFNA(INDEX(Sheet6!B:B, MATCH($E329, Sheet6!$E:$E, 0)),"N/A")} -> #NAME? | C329: {=_xludf.IFNA(INDEX(Sheet6!C:C, MATCH($E329, Sheet6!$E:$E, 0)),"N/A")} -> #NAME? | D329: {=_xludf.IFNA(INDEX(Sheet6!D:D, MATCH($E329, Sheet6!$E:$E, 0)),"N/A")} -> #NAME? | E329: 4204 | F329: PEOPLE OF THE PHILIPPINES VS. DELIX M. LOZADA | G329: 42907 | H329: 42907 | I329: {=_xludf.IFNA(INDEX(Sheet6!I:I, MATCH($E329, Sheet6!$E:$E, 0)),"N/A")} -> #NAME? | J329: {=_xludf.IFNA(INDEX(Sheet6!J:J, MATCH($E329, Sheet6!$E:$E, 0)),"N/A")} -> #NAME? | K329: {=_xludf.IFNA(INDEX(Sheet6!K:K, MATCH($E329, Sheet6!$E:$E, 0)),"N/A")} -> #NAME? | L329: {=_xludf.IFNA(INDEX(Sheet6!L:L, MATCH($E329, Sheet6!$E:$E, 0)),"N/A")} -> #NAME? | M329: {=_xludf.IFNA(INDEX(Sheet6!M:M, MATCH($E329, Sheet6!$E:$E, 0)),"N/A")} -> #NAME? | N329: {=_xludf.IFNA(INDEX(Sheet6!N:N, MATCH($E329, Sheet6!$E:$E, 0)),"N/A")} -> #NAME? | O329: DIRECT ASSAULT | P329: {=_xludf.IFNA(INDEX(Sheet6!P:P, MATCH($E329, Sheet6!$E:$E, 0)),"N/A")} -> #NAME? | Q329: {=_xludf.IFNA(INDEX(Sheet6!Q:Q, MATCH($E329, Sheet6!$E:$E, 0)),"N/A")} -> #NAME? | R329: {=_xludf.IFNA(INDEX(Sheet6!R:R, MATCH($E329, Sheet6!$E:$E, 0)),"N/A")} -> #NAME? | S329: {=_xludf.IFNA(INDEX(Sheet6!S:S, MATCH($E329, Sheet6!$E:$E, 0)),"N/A")} -> #NAME? | T329: {=_xludf.IFNA(INDEX(Sheet6!T:T, MATCH($E329, Sheet6!$E:$E, 0)),"N/A")} -> #NAME? | U329: {=_xludf.IFNA(INDEX(Sheet6!U:U, MATCH($E329, Sheet6!$E:$E, 0)),"N/A")} -> #NAME? | V329: {=_xludf.IFNA(INDEX(Sheet6!V:V, MATCH($E329, Sheet6!$E:$E, 0)),"N/A")} -> #NAME? | W329: {=_xludf.IFNA(INDEX(Sheet6!W:W, MATCH($E329, Sheet6!$E:$E, 0)),"N/A")} -> #NAME? | X329: {=_xludf.IFNA(INDEX(Sheet6!X:X, MATCH($E329, Sheet6!$E:$E, 0)),"N/A")} -> #NAME?
A330: {=_xludf.IFNA(INDEX(Sheet6!A:A, MATCH($E330, Sheet6!$E:$E, 0)),"N/A")} -> #NAME? | B330: {=_xludf.IFNA(INDEX(Sheet6!B:B, MATCH($E330, Sheet6!$E:$E, 0)),"N/A")} -> #NAME? | C330: {=_xludf.IFNA(INDEX(Sheet6!C:C, MATCH($E330, Sheet6!$E:$E, 0)),"N/A")} -> #NAME? | D330: {=_xludf.IFNA(INDEX(Sheet6!D:D, MATCH($E330, Sheet6!$E:$E, 0)),"N/A")} -> #NAME? | E330: 4205 | F330: PEOPLE OF THE PHILIPPINES VS. SUSIMO A MAKILING, MOFEL C. VILLALONGJA, JONIEL C . DAVIDE, JESUSA M. GONZAGA & ERLINDA K. BUBA | G330: 42914 | H330: 42914 | I330: {=_xludf.IFNA(INDEX(Sheet6!I:I, MATCH($E330, Sheet6!$E:$E, 0)),"N/A")} -> #NAME? | J330: {=_xludf.IFNA(INDEX(Sheet6!J:J, MATCH($E330, Sheet6!$E:$E, 0)),"N/A")} -> #NAME? | K330: {=_xludf.IFNA(INDEX(Sheet6!K:K, MATCH($E330, Sheet6!$E:$E, 0)),"N/A")} -> #NAME? | L330: {=_xludf.IFNA(INDEX(Sheet6!L:L, MATCH($E330, Sheet6!$E:$E, 0)),"N/A")} -> #NAME? | M330: {=_xludf.IFNA(INDEX(Sheet6!M:M, MATCH($E330, Sheet6!$E:$E, 0)),"N/A")} -> #NAME? | N330: {=_xludf.IFNA(INDEX(Sheet6!N:N, MATCH($E330, Sheet6!$E:$E, 0)),"N/A")} -> #NAME? | O330: VIOLATION OF PD 1602 | P330: {=_xludf.IFNA(INDEX(Sheet6!P:P, MATCH($E330, Sheet6!$E:$E, 0)),"N/A")} -> #NAME? | Q330: {=_xludf.IFNA(INDEX(Sheet6!Q:Q, MATCH($E330, Sheet6!$E:$E, 0)),"N/A")} -> #NAME? | R330: {=_xludf.IFNA(INDEX(Sheet6!R:R, MATCH($E330, Sheet6!$E:$E, 0)),"N/A")} -> #NAME? | S330: {=_xludf.IFNA(INDEX(Sheet6!S:S, MATCH($E330, Sheet6!$E:$E, 0)),"N/A")} -> #NAME? | T330: {=_xludf.IFNA(INDEX(Sheet6!T:T, MATCH($E330, Sheet6!$E:$E, 0)),"N/A")} -> #NAME? | U330: {=_xludf.IFNA(INDEX(Sheet6!U:U, MATCH($E330, Sheet6!$E:$E, 0)),"N/A")} -> #NAME? | V330: {=_xludf.IFNA(INDEX(Sheet6!V:V, MATCH($E330, Sheet6!$E:$E, 0)),"N/A")} -> #NAME? | W330: {=_xludf.IFNA(INDEX(Sheet6!W:W, MATCH($E330, Sheet6!$E:$E, 0)),"N/A")} -> #NAME? | X330: {=_xludf.IFNA(INDEX(Sheet6!X:X, MATCH($E330, Sheet6!$E:$E, 0)),"N/A")} -> #NAME?
A331: {=_xludf.IFNA(INDEX(Sheet6!A:A, MATCH($E331, Sheet6!$E:$E, 0)),"N/A")} -> #NAME? | B331: {=_xludf.IFNA(INDEX(Sheet6!B:B, MATCH($E331, Sheet6!$E:$E, 0)),"N/A")} -> #NAME? | C331: {=_xludf.IFNA(INDEX(Sheet6!C:C, MATCH($E331, Sheet6!$E:$E, 0)),"N/A")} -> #NAME? | D331: {=_xludf.IFNA(INDEX(Sheet6!D:D, MATCH($E331, Sheet6!$E:$E, 0)),"N/A")} -> #NAME? | E331: 4206 | F331: PEOPLE OF THE PHILIPPINES VS. ELMER R. LAPINID | G331: 42915 | H331: 42915 | I331: {=_xludf.IFNA(INDEX(Sheet6!I:I, MATCH($E331, Sheet6!$E:$E, 0)),"N/A")} -> #NAME? | J331: {=_xludf.IFNA(INDEX(Sheet6!J:J, MATCH($E331, Sheet6!$E:$E, 0)),"N/A")} -> #NAME? | K331: {=_xludf.IFNA(INDEX(Sheet6!K:K, MATCH($E331, Sheet6!$E:$E, 0)),"N/A")} -> #NAME? | L331: {=_xludf.IFNA(INDEX(Sheet6!L:L, MATCH($E331, Sheet6!$E:$E, 0)),"N/A")} -> #NAME? | M331: {=_xludf.IFNA(INDEX(Sheet6!M:M, MATCH($E331, Sheet6!$E:$E, 0)),"N/A")} -> #NAME? | N331: {=_xludf.IFNA(INDEX(Sheet6!N:N, MATCH($E331, Sheet6!$E:$E, 0)),"N/A")} -> #NAME? | O331: ATTEMPTED HOMICIDE | P331: {=_xludf.IFNA(INDEX(Sheet6!P:P, MATCH($E331, Sheet6!$E:$E, 0)),"N/A")} -> #NAME? | Q331: {=_xludf.IFNA(INDEX(Sheet6!Q:Q, MATCH($E331, Sheet6!$E:$E, 0)),"N/A")} -> #NAME? | R331: {=_xludf.IFNA(INDEX(Sheet6!R:R, MATCH($E331, Sheet6!$E:$E, 0)),"N/A")} -> #NAME? | S331: {=_xludf.IFNA(INDEX(Sheet6!S:S, MATCH($E331, Sheet6!$E:$E, 0)),"N/A")} -> #NAME? | T331: {=_xludf.IFNA(INDEX(Sheet6!T:T, MATCH($E331, Sheet6!$E:$E, 0)),"N/A")} -> #NAME? | U331: {=_xludf.IFNA(INDEX(Sheet6!U:U, MATCH($E331, Sheet6!$E:$E, 0)),"N/A")} -> #NAME? | V331: {=_xludf.IFNA(INDEX(Sheet6!V:V, MATCH($E331, Sheet6!$E:$E, 0)),"N/A")} -> #NAME? | W331: {=_xludf.IFNA(INDEX(Sheet6!W:W, MATCH($E331, Sheet6!$E:$E, 0)),"N/A")} -> #NAME? | X331: {=_xludf.IFNA(INDEX(Sheet6!X:X, MATCH($E331, Sheet6!$E:$E, 0)),"N/A")} -> #NAME?
A332: {=_xludf.IFNA(INDEX(Sheet6!A:A, MATCH($E332, Sheet6!$E:$E, 0)),"N/A")} -> #NAME? | B332: {=_xludf.IFNA(INDEX(Sheet6!B:B, MATCH($E332, Sheet6!$E:$E, 0)),"N/A")} -> #NAME? | C332: {=_xludf.IFNA(INDEX(Sheet6!C:C, MATCH($E332, Sheet6!$E:$E, 0)),"N/A")} -> #NAME? | D332: {=_xludf.IFNA(INDEX(Sheet6!D:D, MATCH($E332, Sheet6!$E:$E, 0)),"N/A")} -> #NAME? | E332: 4207 | F332: PEOPLE OF THE PHILIPPINES VS. RENATO GULAY AMOY | G332: 42922 | H332: 42922 | I332: {=_xludf.IFNA(INDEX(Sheet6!I:I, MATCH($E332, Sheet6!$E:$E, 0)),"N/A")} -> #NAME? | J332: {=_xludf.IFNA(INDEX(Sheet6!J:J, MATCH($E332, Sheet6!$E:$E, 0)),"N/A")} -> #NAME? | K332: {=_xludf.IFNA(INDEX(Sheet6!K:K, MATCH($E332, Sheet6!$E:$E, 0)),"N/A")} -> #NAME? | L332: {=_xludf.IFNA(INDEX(Sheet6!L:L, MATCH($E332, Sheet6!$E:$E, 0)),"N/A")} -> #NAME? | M332: {=_xludf.IFNA(INDEX(Sheet6!M:M, MATCH($E332, Sheet6!$E:$E, 0)),"N/A")} -> #NAME? | N332: {=_xludf.IFNA(INDEX(Sheet6!N:N, MATCH($E332, Sheet6!$E:$E, 0)),"N/A")} -> #NAME? | O332: ATTEMPTED HOMICIDE | P332: {=_xludf.IFNA(INDEX(Sheet6!P:P, MATCH($E332, Sheet6!$E:$E, 0)),"N/A")} -> #NAME? | Q332: {=_xludf.IFNA(INDEX(Sheet6!Q:Q, MATCH($E332, Sheet6!$E:$E, 0)),"N/A")} -> #NAME? | R332: {=_xludf.IFNA(INDEX(Sheet6!R:R, MATCH($E332, Sheet6!$E:$E, 0)),"N/A")} -> #NAME? | S332: {=_xludf.IFNA(INDEX(Sheet6!S:S, MATCH($E332, Sheet6!$E:$E, 0)),"N/A")} -> #NAME? | T332: {=_xludf.IFNA(INDEX(Sheet6!T:T, MATCH($E332, Sheet6!$E:$E, 0)),"N/A")} -> #NAME? | U332: {=_xludf.IFNA(INDEX(Sheet6!U:U, MATCH($E332, Sheet6!$E:$E, 0)),"N/A")} -> #NAME? | V332: {=_xludf.IFNA(INDEX(Sheet6!V:V, MATCH($E332, Sheet6!$E:$E, 0)),"N/A")} -> #NAME? | W332: {=_xludf.IFNA(INDEX(Sheet6!W:W, MATCH($E332, Sheet6!$E:$E, 0)),"N/A")} -> #NAME? | X332: {=_xludf.IFNA(INDEX(Sheet6!X:X, MATCH($E332, Sheet6!$E:$E, 0)),"N/A")} -> #NAME?
A333: {=_xludf.IFNA(INDEX(Sheet6!A:A, MATCH($E333, Sheet6!$E:$E, 0)),"N/A")} -> #NAME? | B333: {=_xludf.IFNA(INDEX(Sheet6!B:B, MATCH($E333, Sheet6!$E:$E, 0)),"N/A")} -> #NAME? | C333: {=_xludf.IFNA(INDEX(Sheet6!C:C, MATCH($E333, Sheet6!$E:$E, 0)),"N/A")} -> #NAME? | D333: {=_xludf.IFNA(INDEX(Sheet6!D:D, MATCH($E333, Sheet6!$E:$E, 0)),"N/A")} -> #NAME? | E333: 4208 | F333: PEOPLE OF THE PHILIPPINES VS. LAWRENCE SERENADO | G333: 42928 | H333: 42928 | I333: {=_xludf.IFNA(INDEX(Sheet6!I:I, MATCH($E333, Sheet6!$E:$E, 0)),"N/A")} -> #NAME? | J333: {=_xludf.IFNA(INDEX(Sheet6!J:J, MATCH($E333, Sheet6!$E:$E, 0)),"N/A")} -> #NAME? | K333: {=_xludf.IFNA(INDEX(Sheet6!K:K, MATCH($E333, Sheet6!$E:$E, 0)),"N/A")} -> #NAME? | L333: {=_xludf.IFNA(INDEX(Sheet6!L:L, MATCH($E333, Sheet6!$E:$E, 0)),"N/A")} -> #NAME? | M333: {=_xludf.IFNA(INDEX(Sheet6!M:M, MATCH($E333, Sheet6!$E:$E, 0)),"N/A")} -> #NAME? | N333: {=_xludf.IFNA(INDEX(Sheet6!N:N, MATCH($E333, Sheet6!$E:$E, 0)),"N/A")} -> #NAME? | P333: {=_xludf.IFNA(INDEX(Sheet6!P:P, MATCH($E333, Sheet6!$E:$E, 0)),"N/A")} -> #NAME? | Q333: {=_xludf.IFNA(INDEX(Sheet6!Q:Q, MATCH($E333, Sheet6!$E:$E, 0)),"N/A")} -> #NAME? | R333: {=_xludf.IFNA(INDEX(Sheet6!R:R, MATCH($E333, Sheet6!$E:$E, 0)),"N/A")} -> #NAME? | S333: {=_xludf.IFNA(INDEX(Sheet6!S:S, MATCH($E333, Sheet6!$E:$E, 0)),"N/A")} -> #NAME? | T333: {=_xludf.IFNA(INDEX(Sheet6!T:T, MATCH($E333, Sheet6!$E:$E, 0)),"N/A")} -> #NAME? | U333: {=_xludf.IFNA(INDEX(Sheet6!U:U, MATCH($E333, Sheet6!$E:$E, 0)),"N/A")} -> #NAME? | V333: {=_xludf.IFNA(INDEX(Sheet6!V:V, MATCH($E333, Sheet6!$E:$E, 0)),"N/A")} -> #NAME? | W333: {=_xludf.IFNA(INDEX(Sheet6!W:W, MATCH($E333, Sheet6!$E:$E, 0)),"N/A")} -> #NAME? | X333: {=_xludf.IFNA(INDEX(Sheet6!X:X, MATCH($E333, Sheet6!$E:$E, 0)),"N/A")} -> #NAME?
A334: {=_xludf.IFNA(INDEX(Sheet6!A:A, MATCH($E334, Sheet6!$E:$E, 0)),"N/A")} -> #NAME? | B334: {=_xludf.IFNA(INDEX(Sheet6!B:B, MATCH($E334, Sheet6!$E:$E, 0)),"N/A")} -> #NAME? | C334: {=_xludf.IFNA(INDEX(Sheet6!C:C, MATCH($E334, Sheet6!$E:$E, 0)),"N/A")} -> #NAME? | D334: {=_xludf.IFNA(INDEX(Sheet6!D:D, MATCH($E334, Sheet6!$E:$E, 0)),"N/A")} -> #NAME? | E334: 4209 | F334: PEOPLE OF THE PHILIPPINES VS. RICHIE REBUCAS | G334: 42935 | H334: 42935 | I334: {=_xludf.IFNA(INDEX(Sheet6!I:I, MATCH($E334, Sheet6!$E:$E, 0)),"N/A")} -> #NAME? | J334: {=_xludf.IFNA(INDEX(Sheet6!J:J, MATCH($E334, Sheet6!$E:$E, 0)),"N/A")} -> #NAME? | K334: {=_xludf.IFNA(INDEX(Sheet6!K:K, MATCH($E334, Sheet6!$E:$E, 0)),"N/A")} -> #NAME? | L334: {=_xludf.IFNA(INDEX(Sheet6!L:L, MATCH($E334, Sheet6!$E:$E, 0)),"N/A")} -> #NAME? | M334: {=_xludf.IFNA(INDEX(Sheet6!M:M, MATCH($E334, Sheet6!$E:$E, 0)),"N/A")} -> #NAME? | N334: {=_xludf.IFNA(INDEX(Sheet6!N:N, MATCH($E334, Sheet6!$E:$E, 0)),"N/A")} -> #NAME? | O334: RESISTANCE & DISOBEDIENCE TO A PERSON IN AUTHORITY | P334: {=_xludf.IFNA(INDEX(Sheet6!P:P, MATCH($E334, Sheet6!$E:$E, 0)),"N/A")} -> #NAME? | Q334: {=_xludf.IFNA(INDEX(Sheet6!Q:Q, MATCH($E334, Sheet6!$E:$E, 0)),"N/A")} -> #NAME? | R334: {=_xludf.IFNA(INDEX(Sheet6!R:R, MATCH($E334, Sheet6!$E:$E, 0)),"N/A")} -> #NAME? | S334: {=_xludf.IFNA(INDEX(Sheet6!S:S, MATCH($E334, Sheet6!$E:$E, 0)),"N/A")} -> #NAME? | T334: {=_xludf.IFNA(INDEX(Sheet6!T:T, MATCH($E334, Sheet6!$E:$E, 0)),"N/A")} -> #NAME? | U334: {=_xludf.IFNA(INDEX(Sheet6!U:U, MATCH($E334, Sheet6!$E:$E, 0)),"N/A")} -> #NAME? | V334: {=_xludf.IFNA(INDEX(Sheet6!V:V, MATCH($E334, Sheet6!$E:$E, 0)),"N/A")} -> #NAME? | W334: {=_xludf.IFNA(INDEX(Sheet6!W:W, MATCH($E334, Sheet6!$E:$E, 0)),"N/A")} -> #NAME? | X334: {=_xludf.IFNA(INDEX(Sheet6!X:X, MATCH($E334, Sheet6!$E:$E, 0)),"N/A")} -> #NAME?
A335: {=_xludf.IFNA(INDEX(Sheet6!A:A, MATCH($E335, Sheet6!$E:$E, 0)),"N/A")} -> #NAME? | B335: {=_xludf.IFNA(INDEX(Sheet6!B:B, MATCH($E335, Sheet6!$E:$E, 0)),"N/A")} -> #NAME? | C335: {=_xludf.IFNA(INDEX(Sheet6!C:C, MATCH($E335, Sheet6!$E:$E, 0)),"N/A")} -> #NAME? | D335: {=_xludf.IFNA(INDEX(Sheet6!D:D, MATCH($E335, Sheet6!$E:$E, 0)),"N/A")} -> #NAME? | E335: 4210 | F335: PEOPLE OF THE PHILIPPINES VS. CESAR BALDON GUMBA | G335: 42942 | H335: 42942 | I335: {=_xludf.IFNA(INDEX(Sheet6!I:I, MATCH($E335, Sheet6!$E:$E, 0)),"N/A")} -> #NAME? | J335: {=_xludf.IFNA(INDEX(Sheet6!J:J, MATCH($E335, Sheet6!$E:$E, 0)),"N/A")} -> #NAME? | K335: {=_xludf.IFNA(INDEX(Sheet6!K:K, MATCH($E335, Sheet6!$E:$E, 0)),"N/A")} -> #NAME? | L335: {=_xludf.IFNA(INDEX(Sheet6!L:L, MATCH($E335, Sheet6!$E:$E, 0)),"N/A")} -> #NAME? | M335: {=_xludf.IFNA(INDEX(Sheet6!M:M, MATCH($E335, Sheet6!$E:$E, 0)),"N/A")} -> #NAME? | N335: {=_xludf.IFNA(INDEX(Sheet6!N:N, MATCH($E335, Sheet6!$E:$E, 0)),"N/A")} -> #NAME? | O335: VIOLATION OF RA 9287 | P335: {=_xludf.IFNA(INDEX(Sheet6!P:P, MATCH($E335, Sheet6!$E:$E, 0)),"N/A")} -> #NAME? | Q335: {=_xludf.IFNA(INDEX(Sheet6!Q:Q, MATCH($E335, Sheet6!$E:$E, 0)),"N/A")} -> #NAME? | R335: {=_xludf.IFNA(INDEX(Sheet6!R:R, MATCH($E335, Sheet6!$E:$E, 0)),"N/A")} -> #NAME? | S335: {=_xludf.IFNA(INDEX(Sheet6!S:S, MATCH($E335, Sheet6!$E:$E, 0)),"N/A")} -> #NAME? | T335: {=_xludf.IFNA(INDEX(Sheet6!T:T, MATCH($E335, Sheet6!$E:$E, 0)),"N/A")} -> #NAME? | U335: {=_xludf.IFNA(INDEX(Sheet6!U:U, MATCH($E335, Sheet6!$E:$E, 0)),"N/A")} -> #NAME? | V335: {=_xludf.IFNA(INDEX(Sheet6!V:V, MATCH($E335, Sheet6!$E:$E, 0)),"N/A")} -> #NAME? | W335: {=_xludf.IFNA(INDEX(Sheet6!W:W, MATCH($E335, Sheet6!$E:$E, 0)),"N/A")} -> #NAME? | X335: {=_xludf.IFNA(INDEX(Sheet6!X:X, MATCH($E335, Sheet6!$E:$E, 0)),"N/A")} -> #NAME?
A336: {=_xludf.IFNA(INDEX(Sheet6!A:A, MATCH($E336, Sheet6!$E:$E, 0)),"N/A")} -> #NAME? | B336: {=_xludf.IFNA(INDEX(Sheet6!B:B, MATCH($E336, Sheet6!$E:$E, 0)),"N/A")} -> #NAME? | C336: {=_xludf.IFNA(INDEX(Sheet6!C:C, MATCH($E336, Sheet6!$E:$E, 0)),"N/A")} -> #NAME? | D336: {=_xludf.IFNA(INDEX(Sheet6!D:D, MATCH($E336, Sheet6!$E:$E, 0)),"N/A")} -> #NAME? | E336: 4211 | F336: PEOPLE OF THE PHILIPPINES VS. RUEL LAMANILAO MAKILING | G336: 42964 | H336: 42964 | I336: {=_xludf.IFNA(INDEX(Sheet6!I:I, MATCH($E336, Sheet6!$E:$E, 0)),"N/A")} -> #NAME? | J336: {=_xludf.IFNA(INDEX(Sheet6!J:J, MATCH($E336, Sheet6!$E:$E, 0)),"N/A")} -> #NAME? | K336: {=_xludf.IFNA(INDEX(Sheet6!K:K, MATCH($E336, Sheet6!$E:$E, 0)),"N/A")} -> #NAME? | L336: {=_xludf.IFNA(INDEX(Sheet6!L:L, MATCH($E336, Sheet6!$E:$E, 0)),"N/A")} -> #NAME? | M336: {=_xludf.IFNA(INDEX(Sheet6!M:M, MATCH($E336, Sheet6!$E:$E, 0)),"N/A")} -> #NAME? | N336: {=_xludf.IFNA(INDEX(Sheet6!N:N, MATCH($E336, Sheet6!$E:$E, 0)),"N/A")} -> #NAME? | O336: VIOLATION OF PD 1602 | P336: {=_xludf.IFNA(INDEX(Sheet6!P:P, MATCH($E336, Sheet6!$E:$E, 0)),"N/A")} -> #NAME? | Q336: {=_xludf.IFNA(INDEX(Sheet6!Q:Q, MATCH($E336, Sheet6!$E:$E, 0)),"N/A")} -> #NAME? | R336: {=_xludf.IFNA(INDEX(Sheet6!R:R, MATCH($E336, Sheet6!$E:$E, 0)),"N/A")} -> #NAME? | S336: {=_xludf.IFNA(INDEX(Sheet6!S:S, MATCH($E336, Sheet6!$E:$E, 0)),"N/A")} -> #NAME? | T336: {=_xludf.IFNA(INDEX(Sheet6!T:T, MATCH($E336, Sheet6!$E:$E, 0)),"N/A")} -> #NAME? | U336: {=_xludf.IFNA(INDEX(Sheet6!U:U, MATCH($E336, Sheet6!$E:$E, 0)),"N/A")} -> #NAME? | V336: {=_xludf.IFNA(INDEX(Sheet6!V:V, MATCH($E336, Sheet6!$E:$E, 0)),"N/A")} -> #NAME? | W336: {=_xludf.IFNA(INDEX(Sheet6!W:W, MATCH($E336, Sheet6!$E:$E, 0)),"N/A")} -> #NAME? | X336: {=_xludf.IFNA(INDEX(Sheet6!X:X, MATCH($E336, Sheet6!$E:$E, 0)),"N/A")} -> #NAME?
A337: {=_xludf.IFNA(INDEX(Sheet6!A:A, MATCH($E337, Sheet6!$E:$E, 0)),"N/A")} -> #NAME? | B337: {=_xludf.IFNA(INDEX(Sheet6!B:B, MATCH($E337, Sheet6!$E:$E, 0)),"N/A")} -> #NAME? | C337: {=_xludf.IFNA(INDEX(Sheet6!C:C, MATCH($E337, Sheet6!$E:$E, 0)),"N/A")} -> #NAME? | D337: {=_xludf.IFNA(INDEX(Sheet6!D:D, MATCH($E337, Sheet6!$E:$E, 0)),"N/A")} -> #NAME? | E337: 4212 | F337: PEOPLE OF THE PHILIPPINES VS. SID P. ANDALES | G337: 42964 | H337: 42964 | I337: {=_xludf.IFNA(INDEX(Sheet6!I:I, MATCH($E337, Sheet6!$E:$E, 0)),"N/A")} -> #NAME? | J337: {=_xludf.IFNA(INDEX(Sheet6!J:J, MATCH($E337, Sheet6!$E:$E, 0)),"N/A")} -> #NAME? | K337: {=_xludf.IFNA(INDEX(Sheet6!K:K, MATCH($E337, Sheet6!$E:$E, 0)),"N/A")} -> #NAME? | L337: {=_xludf.IFNA(INDEX(Sheet6!L:L, MATCH($E337, Sheet6!$E:$E, 0)),"N/A")} -> #NAME? | M337: {=_xludf.IFNA(INDEX(Sheet6!M:M, MATCH($E337, Sheet6!$E:$E, 0)),"N/A")} -> #NAME? | N337: {=_xludf.IFNA(INDEX(Sheet6!N:N, MATCH($E337, Sheet6!$E:$E, 0)),"N/A")} -> #NAME? | O337: SLIGHT PHYSICAN INJURIES | P337: {=_xludf.IFNA(INDEX(Sheet6!P:P, MATCH($E337, Sheet6!$E:$E, 0)),"N/A")} -> #NAME? | Q337: {=_xludf.IFNA(INDEX(Sheet6!Q:Q, MATCH($E337, Sheet6!$E:$E, 0)),"N/A")} -> #NAME? | R337: {=_xludf.IFNA(INDEX(Sheet6!R:R, MATCH($E337, Sheet6!$E:$E, 0)),"N/A")} -> #NAME? | S337: {=_xludf.IFNA(INDEX(Sheet6!S:S, MATCH($E337, Sheet6!$E:$E, 0)),"N/A")} -> #NAME? | T337: {=_xludf.IFNA(INDEX(Sheet6!T:T, MATCH($E337, Sheet6!$E:$E, 0)),"N/A")} -> #NAME? | U337: {=_xludf.IFNA(INDEX(Sheet6!U:U, MATCH($E337, Sheet6!$E:$E, 0)),"N/A")} -> #NAME? | V337: {=_xludf.IFNA(INDEX(Sheet6!V:V, MATCH($E337, Sheet6!$E:$E, 0)),"N/A")} -> #NAME? | W337: {=_xludf.IFNA(INDEX(Sheet6!W:W, MATCH($E337, Sheet6!$E:$E, 0)),"N/A")} -> #NAME? | X337: {=_xludf.IFNA(INDEX(Sheet6!X:X, MATCH($E337, Sheet6!$E:$E, 0)),"N/A")} -> #NAME?
A338: {=_xludf.IFNA(INDEX(Sheet6!A:A, MATCH($E338, Sheet6!$E:$E, 0)),"N/A")} -> #NAME? | B338: {=_xludf.IFNA(INDEX(Sheet6!B:B, MATCH($E338, Sheet6!$E:$E, 0)),"N/A")} -> #NAME? | C338: {=_xludf.IFNA(INDEX(Sheet6!C:C, MATCH($E338, Sheet6!$E:$E, 0)),"N/A")} -> #NAME? | D338: {=_xludf.IFNA(INDEX(Sheet6!D:D, MATCH($E338, Sheet6!$E:$E, 0)),"N/A")} -> #NAME? | E338: 4213 | F338: PEOPLE OF THE PHILIPPINES VS. NASARIO MACARAYAN ITING, MERLINA SAMSON PAGALAN & NOEL YBANEZ SAMSON | G338: 42998 | H338: 42998 | I338: {=_xludf.IFNA(INDEX(Sheet6!I:I, MATCH($E338, Sheet6!$E:$E, 0)),"N/A")} -> #NAME? | J338: {=_xludf.IFNA(INDEX(Sheet6!J:J, MATCH($E338, Sheet6!$E:$E, 0)),"N/A")} -> #NAME? | K338: {=_xludf.IFNA(INDEX(Sheet6!K:K, MATCH($E338, Sheet6!$E:$E, 0)),"N/A")} -> #NAME? | L338: {=_xludf.IFNA(INDEX(Sheet6!L:L, MATCH($E338, Sheet6!$E:$E, 0)),"N/A")} -> #NAME? | M338: {=_xludf.IFNA(INDEX(Sheet6!M:M, MATCH($E338, Sheet6!$E:$E, 0)),"N/A")} -> #NAME? | N338: {=_xludf.IFNA(INDEX(Sheet6!N:N, MATCH($E338, Sheet6!$E:$E, 0)),"N/A")} -> #NAME? | O338: VIOLATION OF PD 1602 | P338: {=_xludf.IFNA(INDEX(Sheet6!P:P, MATCH($E338, Sheet6!$E:$E, 0)),"N/A")} -> #NAME? | Q338: {=_xludf.IFNA(INDEX(Sheet6!Q:Q, MATCH($E338, Sheet6!$E:$E, 0)),"N/A")} -> #NAME? | R338: {=_xludf.IFNA(INDEX(Sheet6!R:R, MATCH($E338, Sheet6!$E:$E, 0)),"N/A")} -> #NAME? | S338: {=_xludf.IFNA(INDEX(Sheet6!S:S, MATCH($E338, Sheet6!$E:$E, 0)),"N/A")} -> #NAME? | T338: {=_xludf.IFNA(INDEX(Sheet6!T:T, MATCH($E338, Sheet6!$E:$E, 0)),"N/A")} -> #NAME? | U338: {=_xludf.IFNA(INDEX(Sheet6!U:U, MATCH($E338, Sheet6!$E:$E, 0)),"N/A")} -> #NAME? | V338: {=_xludf.IFNA(INDEX(Sheet6!V:V, MATCH($E338, Sheet6!$E:$E, 0)),"N/A")} -> #NAME? | W338: {=_xludf.IFNA(INDEX(Sheet6!W:W, MATCH($E338, Sheet6!$E:$E, 0)),"N/A")} -> #NAME? | X338: {=_xludf.IFNA(INDEX(Sheet6!X:X, MATCH($E338, Sheet6!$E:$E, 0)),"N/A")} -> #NAME?
A339: {=_xludf.IFNA(INDEX(Sheet6!A:A, MATCH($E339, Sheet6!$E:$E, 0)),"N/A")} -> #NAME? | B339: {=_xludf.IFNA(INDEX(Sheet6!B:B, MATCH($E339, Sheet6!$E:$E, 0)),"N/A")} -> #NAME? | C339: {=_xludf.IFNA(INDEX(Sheet6!C:C, MATCH($E339, Sheet6!$E:$E, 0)),"N/A")} -> #NAME? | D339: {=_xludf.IFNA(INDEX(Sheet6!D:D, MATCH($E339, Sheet6!$E:$E, 0)),"N/A")} -> #NAME? | E339: 4214 | F339: PEOPLE OF THE PHILIPPINES VS. ARBUKFO ASIO Y PAJO & MARICEL ASIO Y BAJA | G339: 42998 | H339: 42998 | I339: {=_xludf.IFNA(INDEX(Sheet6!I:I, MATCH($E339, Sheet6!$E:$E, 0)),"N/A")} -> #NAME? | J339: {=_xludf.IFNA(INDEX(Sheet6!J:J, MATCH($E339, Sheet6!$E:$E, 0)),"N/A")} -> #NAME? | K339: {=_xludf.IFNA(INDEX(Sheet6!K:K, MATCH($E339, Sheet6!$E:$E, 0)),"N/A")} -> #NAME? | L339: {=_xludf.IFNA(INDEX(Sheet6!L:L, MATCH($E339, Sheet6!$E:$E, 0)),"N/A")} -> #NAME? | M339: {=_xludf.IFNA(INDEX(Sheet6!M:M, MATCH($E339, Sheet6!$E:$E, 0)),"N/A")} -> #NAME? | N339: {=_xludf.IFNA(INDEX(Sheet6!N:N, MATCH($E339, Sheet6!$E:$E, 0)),"N/A")} -> #NAME? | O339: VIOLATION OF PD 1602 | P339: {=_xludf.IFNA(INDEX(Sheet6!P:P, MATCH($E339, Sheet6!$E:$E, 0)),"N/A")} -> #NAME? | Q339: {=_xludf.IFNA(INDEX(Sheet6!Q:Q, MATCH($E339, Sheet6!$E:$E, 0)),"N/A")} -> #NAME? | R339: {=_xludf.IFNA(INDEX(Sheet6!R:R, MATCH($E339, Sheet6!$E:$E, 0)),"N/A")} -> #NAME? | S339: {=_xludf.IFNA(INDEX(Sheet6!S:S, MATCH($E339, Sheet6!$E:$E, 0)),"N/A")} -> #NAME? | T339: {=_xludf.IFNA(INDEX(Sheet6!T:T, MATCH($E339, Sheet6!$E:$E, 0)),"N/A")} -> #NAME? | U339: {=_xludf.IFNA(INDEX(Sheet6!U:U, MATCH($E339, Sheet6!$E:$E, 0)),"N/A")} -> #NAME? | V339: {=_xludf.IFNA(INDEX(Sheet6!V:V, MATCH($E339, Sheet6!$E:$E, 0)),"N/A")} -> #NAME? | W339: {=_xludf.IFNA(INDEX(Sheet6!W:W, MATCH($E339, Sheet6!$E:$E, 0)),"N/A")} -> #NAME? | X339: {=_xludf.IFNA(INDEX(Sheet6!X:X, MATCH($E339, Sheet6!$E:$E, 0)),"N/A")} -> #NAME?
A340: {=_xludf.IFNA(INDEX(Sheet6!A:A, MATCH($E340, Sheet6!$E:$E, 0)),"N/A")} -> #NAME? | B340: {=_xludf.IFNA(INDEX(Sheet6!B:B, MATCH($E340, Sheet6!$E:$E, 0)),"N/A")} -> #NAME? | C340: {=_xludf.IFNA(INDEX(Sheet6!C:C, MATCH($E340, Sheet6!$E:$E, 0)),"N/A")} -> #NAME? | D340: {=_xludf.IFNA(INDEX(Sheet6!D:D, MATCH($E340, Sheet6!$E:$E, 0)),"N/A")} -> #NAME? | E340: 4215 | F340: PEOPLE OF THE PHILIPPINES VS. MARK CAME SARANANA SESANTE | G340: 43003 | H340: 43003 | I340: {=_xludf.IFNA(INDEX(Sheet6!I:I, MATCH($E340, Sheet6!$E:$E, 0)),"N/A")} -> #NAME? | J340: {=_xludf.IFNA(INDEX(Sheet6!J:J, MATCH($E340, Sheet6!$E:$E, 0)),"N/A")} -> #NAME? | K340: {=_xludf.IFNA(INDEX(Sheet6!K:K, MATCH($E340, Sheet6!$E:$E, 0)),"N/A")} -> #NAME? | L340: {=_xludf.IFNA(INDEX(Sheet6!L:L, MATCH($E340, Sheet6!$E:$E, 0)),"N/A")} -> #NAME? | M340: {=_xludf.IFNA(INDEX(Sheet6!M:M, MATCH($E340, Sheet6!$E:$E, 0)),"N/A")} -> #NAME? | N340: {=_xludf.IFNA(INDEX(Sheet6!N:N, MATCH($E340, Sheet6!$E:$E, 0)),"N/A")} -> #NAME? | O340: RECKLESS IMPRUDENCE RESULTING TO HOMICIDE | P340: {=_xludf.IFNA(INDEX(Sheet6!P:P, MATCH($E340, Sheet6!$E:$E, 0)),"N/A")} -> #NAME? | Q340: {=_xludf.IFNA(INDEX(Sheet6!Q:Q, MATCH($E340, Sheet6!$E:$E, 0)),"N/A")} -> #NAME? | R340: {=_xludf.IFNA(INDEX(Sheet6!R:R, MATCH($E340, Sheet6!$E:$E, 0)),"N/A")} -> #NAME? | S340: {=_xludf.IFNA(INDEX(Sheet6!S:S, MATCH($E340, Sheet6!$E:$E, 0)),"N/A")} -> #NAME? | T340: {=_xludf.IFNA(INDEX(Sheet6!T:T, MATCH($E340, Sheet6!$E:$E, 0)),"N/A")} -> #NAME? | U340: {=_xludf.IFNA(INDEX(Sheet6!U:U, MATCH($E340, Sheet6!$E:$E, 0)),"N/A")} -> #NAME? | V340: {=_xludf.IFNA(INDEX(Sheet6!V:V, MATCH($E340, Sheet6!$E:$E, 0)),"N/A")} -> #NAME? | W340: {=_xludf.IFNA(INDEX(Sheet6!W:W, MATCH($E340, Sheet6!$E:$E, 0)),"N/A")} -> #NAME? | X340: {=_xludf.IFNA(INDEX(Sheet6!X:X, MATCH($E340, Sheet6!$E:$E, 0)),"N/A")} -> #NAME?
A341: {=_xludf.IFNA(INDEX(Sheet6!A:A, MATCH($E341, Sheet6!$E:$E, 0)),"N/A")} -> #NAME? | B341: {=_xludf.IFNA(INDEX(Sheet6!B:B, MATCH($E341, Sheet6!$E:$E, 0)),"N/A")} -> #NAME? | C341: {=_xludf.IFNA(INDEX(Sheet6!C:C, MATCH($E341, Sheet6!$E:$E, 0)),"N/A")} -> #NAME? | D341: {=_xludf.IFNA(INDEX(Sheet6!D:D, MATCH($E341, Sheet6!$E:$E, 0)),"N/A")} -> #NAME? | E341: 4216 | F341: PEOPLE OF THE PHILIPPINES VS. KARL MARIANO BETONIO | G341: 43006 | H341: 43006 | I341: {=_xludf.IFNA(INDEX(Sheet6!I:I, MATCH($E341, Sheet6!$E:$E, 0)),"N/A")} -> #NAME? | J341: {=_xludf.IFNA(INDEX(Sheet6!J:J, MATCH($E341, Sheet6!$E:$E, 0)),"N/A")} -> #NAME? | K341: {=_xludf.IFNA(INDEX(Sheet6!K:K, MATCH($E341, Sheet6!$E:$E, 0)),"N/A")} -> #NAME? | L341: {=_xludf.IFNA(INDEX(Sheet6!L:L, MATCH($E341, Sheet6!$E:$E, 0)),"N/A")} -> #NAME? | M341: {=_xludf.IFNA(INDEX(Sheet6!M:M, MATCH($E341, Sheet6!$E:$E, 0)),"N/A")} -> #NAME? | N341: {=_xludf.IFNA(INDEX(Sheet6!N:N, MATCH($E341, Sheet6!$E:$E, 0)),"N/A")} -> #NAME? | O341: RECKLESS IMPRUDENCE RESULTING TO HOMICIDE AND DAMAGE TO PROPERTY | P341: {=_xludf.IFNA(INDEX(Sheet6!P:P, MATCH($E341, Sheet6!$E:$E, 0)),"N/A")} -> #NAME? | Q341: {=_xludf.IFNA(INDEX(Sheet6!Q:Q, MATCH($E341, Sheet6!$E:$E, 0)),"N/A")} -> #NAME? | R341: {=_xludf.IFNA(INDEX(Sheet6!R:R, MATCH($E341, Sheet6!$E:$E, 0)),"N/A")} -> #NAME? | S341: {=_xludf.IFNA(INDEX(Sheet6!S:S, MATCH($E341, Sheet6!$E:$E, 0)),"N/A")} -> #NAME? | T341: {=_xludf.IFNA(INDEX(Sheet6!T:T, MATCH($E341, Sheet6!$E:$E, 0)),"N/A")} -> #NAME? | U341: {=_xludf.IFNA(INDEX(Sheet6!U:U, MATCH($E341, Sheet6!$E:$E, 0)),"N/A")} -> #NAME? | V341: {=_xludf.IFNA(INDEX(Sheet6!V:V, MATCH($E341, Sheet6!$E:$E, 0)),"N/A")} -> #NAME? | W341: {=_xludf.IFNA(INDEX(Sheet6!W:W, MATCH($E341, Sheet6!$E:$E, 0)),"N/A")} -> #NAME? | X341: {=_xludf.IFNA(INDEX(Sheet6!X:X, MATCH($E341, Sheet6!$E:$E, 0)),"N/A")} -> #NAME?
A342: {=_xludf.IFNA(INDEX(Sheet6!A:A, MATCH($E342, Sheet6!$E:$E, 0)),"N/A")} -> #NAME? | B342: {=_xludf.IFNA(INDEX(Sheet6!B:B, MATCH($E342, Sheet6!$E:$E, 0)),"N/A")} -> #NAME? | C342: {=_xludf.IFNA(INDEX(Sheet6!C:C, MATCH($E342, Sheet6!$E:$E, 0)),"N/A")} -> #NAME? | D342: {=_xludf.IFNA(INDEX(Sheet6!D:D, MATCH($E342, Sheet6!$E:$E, 0)),"N/A")} -> #NAME? | E342: 4217 | F342: PEOPLE OF THE PHILIPPINES VS. JEROME DACHILE | G342: 43010 | H342: 43010 | I342: {=_xludf.IFNA(INDEX(Sheet6!I:I, MATCH($E342, Sheet6!$E:$E, 0)),"N/A")} -> #NAME? | J342: {=_xludf.IFNA(INDEX(Sheet6!J:J, MATCH($E342, Sheet6!$E:$E, 0)),"N/A")} -> #NAME? | K342: {=_xludf.IFNA(INDEX(Sheet6!K:K, MATCH($E342, Sheet6!$E:$E, 0)),"N/A")} -> #NAME? | L342: {=_xludf.IFNA(INDEX(Sheet6!L:L, MATCH($E342, Sheet6!$E:$E, 0)),"N/A")} -> #NAME? | M342: {=_xludf.IFNA(INDEX(Sheet6!M:M, MATCH($E342, Sheet6!$E:$E, 0)),"N/A")} -> #NAME? | N342: {=_xludf.IFNA(INDEX(Sheet6!N:N, MATCH($E342, Sheet6!$E:$E, 0)),"N/A")} -> #NAME? | O342: THEFT | P342: {=_xludf.IFNA(INDEX(Sheet6!P:P, MATCH($E342, Sheet6!$E:$E, 0)),"N/A")} -> #NAME? | Q342: {=_xludf.IFNA(INDEX(Sheet6!Q:Q, MATCH($E342, Sheet6!$E:$E, 0)),"N/A")} -> #NAME? | R342: {=_xludf.IFNA(INDEX(Sheet6!R:R, MATCH($E342, Sheet6!$E:$E, 0)),"N/A")} -> #NAME? | S342: {=_xludf.IFNA(INDEX(Sheet6!S:S, MATCH($E342, Sheet6!$E:$E, 0)),"N/A")} -> #NAME? | T342: {=_xludf.IFNA(INDEX(Sheet6!T:T, MATCH($E342, Sheet6!$E:$E, 0)),"N/A")} -> #NAME? | U342: {=_xludf.IFNA(INDEX(Sheet6!U:U, MATCH($E342, Sheet6!$E:$E, 0)),"N/A")} -> #NAME? | V342: {=_xludf.IFNA(INDEX(Sheet6!V:V, MATCH($E342, Sheet6!$E:$E, 0)),"N/A")} -> #NAME? | W342: {=_xludf.IFNA(INDEX(Sheet6!W:W, MATCH($E342, Sheet6!$E:$E, 0)),"N/A")} -> #NAME? | X342: {=_xludf.IFNA(INDEX(Sheet6!X:X, MATCH($E342, Sheet6!$E:$E, 0)),"N/A")} -> #NAME?
...

Sheet Sheet9
A1: CASEID | B1: COURTID | C1: NATURECODE | D1: CATEGORY | E1: CASENUM | F1: CASETITLE | G1: DTFILED | H1: DTRECEIVED | I1: DTTRANSFER | J1: TRANSFER | K1: CASETYPE | L1: CLOSEDATE | M1: CLOSETAG | N1: CLOSEDET | O1: NATUREREM | P1: IAMOUNT | Q1: IWEIGHT | R1: CSTATUS | S1: CSTATUSID | T1: CLOSESTAT | U1: CREATEBY | V1: CREATEDT | W1: MODIFYBY | X1: MODIFYDT
A2: 1 | B2: 2088 | C2: {=INDEX(Sheet5!$A:$A, MATCH($O2, Sheet5!$B:$B, 0))} -> 31 | D2: 5 | E2: 4189 | F2: PEOPLE OF THE PHILIPPINES VS. ESTERLITA ABUGA | G2: 42793 | H2: 42793 | K2: CR | O2: SLIGHT PHYSICAN INJURIES | P2: 0 | Q2: 0 | S2: 90 | T2: 10006 | U2: BCC1 | V2: 44706.384 | W2: BCC1 | X2: 44706.384
A3: 2 | B3: 2088 | C3: {=INDEX(Sheet5!$A:$A, MATCH($O3, Sheet5!$B:$B, 0))} -> 36 | D3: 5 | E3: 4193 | F3: PEOPLE OF THE PHILIPPINES VS. TEODOROR A. LASCUNA, JR. | G3: 42822 | H3: 42822 | K3: CR | O3: GRAVE THREATS | P3: 0 | Q3: 0 | S3: 90 | T3: 10006 | U3: BCC1 | V3: 44706.387 | W3: BCC1 | X3: 44706.387
A4: 3 | B4: 2088 | C4: {=INDEX(Sheet5!$A:$A, MATCH($O4, Sheet5!$B:$B, 0))} -> 31 | D4: 5 | E4: 4199 | F4: PEOPLE OF THE PHILIPPINES VS. EMMANUEL MONTALBAN | G4: 42901 | H4: 42901 | K4: CR | O4: SLIGHT PHYSICAN INJURIES | P4: 0 | Q4: 0 | S4: 90 | T4: 10006 | U4: BCC1 | V4: 44706.389 | W4: BCC1 | X4: 45306.507
A5: 4 | B5: 2088 | C5: {=INDEX(Sheet5!$A:$A, MATCH($O5, Sheet5!$B:$B, 0))} -> 35 | D5: 5 | E5: 4208 | F5: PEOPLE OF THE PHILIPPINES VS. LAWRENCE SERENADO | G5: 42928 | H5: 42928 | K5: CR | O5: RECKLESS IMPRUDENCE RESULTING TO DAMAGE TO PROPERTY | P5: 0 | Q5: 0 | S5: 90 | T5: 10006 | U5: BCC1 | V5: 44706.39 | W5: BCC1 | X5: 44706.39
A6: 5 | B6: 2088 | C6: {=INDEX(Sheet5!$A:$A, MATCH($O6, Sheet5!$B:$B, 0))} -> 36 | D6: 5 | E6: 4219 | F6: PEOPLE OF THE PHILIPPINES VS. MARVIN BANTO, ET.AL | G6: 43034 | H6: 43034 | K6: CR | O6: MALICIOUS MISCHIEF | P6: 0 | Q6: 0 | S6: 90 | T6: 10006 | U6: BCC1 | V6: 44706.396 | W6: BCC1 | X6: 44706.396
A7: 6 | B7: 2088 | C7: {=INDEX(Sheet5!$A:$A, MATCH($O7, Sheet5!$B:$B, 0))} -> 36 | D7: 5 | E7: 4220 | F7: PEOPLE OF THE PHILIPPINES VS. MARVIN BANTO, ET.AL | G7: 43024 | H7: 43024 | K7: CR | O7: GRAVE THREATS | P7: 0 | Q7: 0 | S7: 90 | T7: 10006 | U7: BCC1 | V7: 44706.397 | W7: BCC1 | X7: 44706.397
A8: 7 | B8: 2088 | C8: {=INDEX(Sheet5!$A:$A, MATCH($O8, Sheet5!$B:$B, 0))} -> 31 | D8: 5 | E8: 4221 | F8: PEOPLE OF THE PHILIPPINES VS. MARVIN BANTO, ET. AL | G8: 43034 | H8: 43034 | K8: CR | O8: SLIGHT PHYSICAN INJURIES | P8: 0 | Q8: 0 | S8: 90 | T8: 10006 | U8: BCC1 | V8: 44706.399 | W8: BCC1 | X8: 44706.399
A9: 8 | B9: 2088 | C9: {=INDEX(Sheet5!$A:$A, MATCH($O9, Sheet5!$B:$B, 0))} -> 35 | D9: 5 | E9: 4222 | F9: PEOPLE OF THE PHILIPPINES VS. ALLAN M. ESPINA, ET.AL | G9: 43038 | H9: 43038 | K9: CR | O9: RECKLESS IMPRUDENCE RESULTING TO HOMICIDE | P9: 0 | Q9: 0 | S9: 90 | T9: 10006 | U9: BCC1 | V9: 44706.405 | W9: BCC1 | X9: 44706.405
A10: 9 | B10: 2088 | C10: {=INDEX(Sheet5!$A:$A, MATCH($O10, Sheet5!$B:$B, 0))} -> 36 | D10: 5 | E10: 4223 | F10: PEOPLE OF THE PHILIPPINES VS. EMMANUEL I. ABUGA | G10: 43055 | H10: 43055 | K10: CR | O10: GRAVE THREATS | P10: 0 | Q10: 0 | S10: 90 | T10: 10006 | U10: BCC1 | V10: 44706.407 | W10: BCC1 | X10: 44706.407
A11: 10 | B11: 2088 | C11: {=INDEX(Sheet5!$A:$A, MATCH($O11, Sheet5!$B:$B, 0))} -> 36 | D11: 5 | E11: 4226 | F11: PEOPLE OF THE PHILIPPINES VS. GLESAN TUNDAG BEDULIDO | G11: 43109 | H11: 43109 | K11: CR | O11: ROBBERY | P11: 0 | Q11: 0 | S11: 90 | T11: 10006 | U11: BCC1 | V11: 44706.417 | W11: BCC1 | X11: 44706.417
A12: 11 | B12: 2088 | C12: {=INDEX(Sheet5!$A:$A, MATCH($O12, Sheet5!$B:$B, 0))} -> 29 | D12: 5 | E12: 4227 | F12: PEOPLE OF THE PHILIPPINES VS. JUN DAMPITAN DANGEROS AKA DR. JHUN MARASIGAN DANGEROS, AKA DR FORTUNATO DANGFEROS, AKA DR JACOB MANLABAO | G12: 43109 | H12: 43109 | K12: CR | O12: ESTAFA | P12: 0 | Q12: 0 | S12: 90 | T12: 10006 | U12: BCC1 | V12: 44706.43 | W12: BCC1 | X12: 44706.43
A13: 12 | B13: 2088 | C13: {=INDEX(Sheet5!$A:$A, MATCH($O13, Sheet5!$B:$B, 0))} -> 29 | D13: 5 | E13: 4228 | F13: PEOPLE OF THE PHILIPPINES VS. JUN DAMPITAN DANGEROS | G13: 43109 | H13: 43109 | K13: CR | O13: ESTAFA | P13: 0 | Q13: 0 | S13: 90 | T13: 10006 | U13: BCC1 | V13: 44706.432 | W13: BCC1 | X13: 44706.432
... A46: 45 | B46: 2088 | C46: {=INDEX(Sheet5!$A:$A, MATCH($O46, Sheet5!$B:$B, 0))} -> 36 | D46: 5 | E46: 4261 | F46: PEOPLE OF THE PHILIPPINES VS. ARNEL QUINONES, ET.AL | G46: 43276 | H46: 43276 | K46: CR | O46: THEFT | P46: 0 | Q46: 0 | S46: 90 | T46: 10006 | U46: BCC1 | V46: 44708.585 | W46: BCC1 | X46: 44708.585
A47: 46 | B47: 2088 | C47: {=INDEX(Sheet5!$A:$A, MATCH($O47, Sheet5!$B:$B, 0))} -> 30 | D47: 5 | E47: 3952 | F47: PEOPLE OF THE PHILIPPINES VS. MELANIE B. ORCALES | G47: 40608 | H47: 40608 | K47: CR | O47: CONCUBINAGE | P47: 0 | Q47: 0 | R47: REVIVED BY POSTING BOND ON 06/22/18 | S47: 40 | T47: 10006 | U47: BCC1 | V47: 44708.588 | W47: BCC1 | X47: 44708.588
A48: 47 | B48: 2088 | C48: {=INDEX(Sheet5!$A:$A, MATCH($O48, Sheet5!$B:$B, 0))} -> 35 | D48: 5 | E48: 4262 | F48: PEOPLE OF THE PHILIPPINES VS. JOHNNY M. BUTRON | G48: 43277 | H48: 43277 | K48: CR | O48: RECKLESS IMPRUDENCE RESULTING TO HOMICIDE | P48: 0 | Q48: 0 | S48: 90 | T48: 10006 | U48: BCC1 | V48: 44708.591 | W48: BCC1 | X48: 44708.591
A49: 48 | B49: 2088 | C49: {=INDEX(Sheet5!$A:$A, MATCH($O49, Sheet5!$B:$B, 0))} -> 36 | D49: 5 | E49: 4263 | F49: PEOPLE OF THE PHILIPPINES VS. ROMMEL EMPEROSO | G49: 43298 | H49: 43298 | K49: CR | O49: GRAVE THREATS | P49: 0 | Q49: 0 | S49: 90 | T49: 10006 | U49: BCC1 | V49: 44708.592 | W49: BCC1 | X49: 44708.592
A50: 49 | B50: 2088 | C50: {=INDEX(Sheet5!$A:$A, MATCH($O50, Sheet5!$B:$B, 0))} -> 30 | D50: 5 | E50: 4264 | F50: PEOPLE OF THE PHILIPPINES VS. RUTHCEL B. BARNESO ET, AL | G50: 43298 | H50: 43298 | K50: CR | O50: ADULTERY | P50: 0 | Q50: 0 | S50: 90 | T50: 10006 | U50: BCC1 | V50: 44708.595 | W50: BCC1 | X50: 44708.595
A51: 50 | B51: 2088 | C51: {=INDEX(Sheet5!$A:$A, MATCH($O51, Sheet5!$B:$B, 0))} -> 36 | D51: 5 | E51: 4265 | F51: PEOPLE OF THE PHILIPPINES VS. RENATO M. PALER, ET.AL | G51: 43298 | H51: 43298 | K51: CR | O51: VIOLATION OF PD 1602 | P51: 0 | Q51: 0 | S51: 90 | T51: 10006 | U51: BCC1 | V51: 44708.603 | W51: BCC1 | X51: 44708.603
A52: 51 | B52: 2088 | C52: {=INDEX(Sheet5!$A:$A, MATCH($O52, Sheet5!$B:$B, 0))} -> 36 | D52: 5 | E52: 4266 | F52: PEOPLE OF THE PHILIPPINES VS. EMMANUEL E. ABUGA | G52: 43318 | H52: 43318 | K52: CR | O52: GRAVE THREATS | P52: 0 | Q52: 0 | S52: 90 | T52: 10006 | U52: BCC1 | V52: 44708.624 | W52: BCC1 | X52: 44708.624
A53: 52 | B53: 2088 | C53: {=INDEX(Sheet5!$A:$A, MATCH($O53, Sheet5!$B:$B, 0))} -> 29 | D53: 5 | E53: 4267 | F53: PEOPLE OF THE PHILIPPINES VS. RUSSEL S. DELA CAMARA | G53: 43318 | H53: 43318 | K53: CR | O53: ESTAFA | P53: 0 | Q53: 0 | S53: 90 | T53: 10006 | U53: BCC1 | V53: 44708.627 | W53: BCC1 | X53: 44708.627
A54: 53 | B54: 2088 | C54: {=INDEX(Sheet5!$A:$A, MATCH($O54, Sheet5!$B:$B, 0))} -> 36 | D54: 5 | E54: 4268 | F54: PEOPLE OF THE PHILIPPINES VS. JIMBOY P. PANCHO | G54: 43328 | H54: 43328 | K54: CR | O54: VIOLATION OF BP BLG. 6 | P54: 0 | Q54: 0 | S54: 90 | T54: 10006 | U54: BCC1 | V54: 44708.628 | W54: BCC1 | X54: 44708.628
A55: 54 | B55: 2088 | C55: {=INDEX(Sheet5!$A:$A, MATCH($O55, Sheet5!$B:$B, 0))} -> 29 | D55: 5 | E55: 4269 | F55: PEOPLE OF THE PHILIPPINES VS. LOREJANE Q. DIGAMON | G55: 43334 | H55: 43334 | K55: CR | O55: ESTAFA | P55: 0 | Q55: 0 | S55: 90 | T55: 10006 | U55: BCC1 | V55: 44708.63 | W55: BCC1 | X55: 44708.63
A56: 55 | B56: 2088 | C56: {=INDEX(Sheet5!$A:$A, MATCH($O56, Sheet5!$B:$B, 0))} -> 36 | D56: 5 | E56: 4270 | F56: PEOPLE OF THE PHILIPPINES VS. JUDITO C. LUANA | G56: 43334 | H56: 43334 | K56: CR | O56: DIRECT ASSAULT | P56: 0 | Q56: 0 | S56: 90 | T56: 10006 | U56: BCC1 | V56: 44708.631 | W56: BCC1 | X56: 44708.631
A57: 56 | B57: 2088 | C57: {=INDEX(Sheet5!$A:$A, MATCH($O57, Sheet5!$B:$B, 0))} -> 36 | D57: 5 | E57: 4271 | F57: PEOPLE OF THE PHILIPPINES VS. JUDITO C. LUANA | G57: 43334 | H57: 43334 | K57: CR | O57: DIRECT ASSAULT | P57: 0 | Q57: 0 | S57: 90 | T57: 10006 | U57: BCC1 | V57: 44708.633 | W57: BCC1 | X57: 44708.633
A58: 57 | B58: 2088 | C58: {=INDEX(Sheet5!$A:$A, MATCH($O58, Sheet5!$B:$B, 0))} -> 36 | D58: 5 | E58: 4272 | F58: PEOPLE OF THE PHILIPPINES VS. JUDITO C. LUANA | G58: 43334 | H58: 43334 | K58: CR | O58: OTHER LIGHT THREATS | P58: 0 | Q58: 0 | S58: 90 | T58: 10006 | U58: BCC1 | V58: 44708.655 | W58: BCC1 | X58: 44708.655
A59: 58 | B59: 2088 | C59: {=INDEX(Sheet5!$A:$A, MATCH($O59, Sheet5!$B:$B, 0))} -> 36 | D59: 5 | E59: 4273 | F59: PEOPLE OF THE PHILIPPINES VS. JUDITO C. LUANA | G59: 43334 | H59: 43334 | K59: CR | O59: OTHER LIGHT THREATS | P59: 0 | Q59: 0 | S59: 90 | T59: 10006 | U59: BCC1 | V59: 44708.656 | W59: BCC1 | X59: 44708.656
... A247: 246 | B247: 2088 | C247: {=INDEX(Sheet5!$A:$A, MATCH($O247, Sheet5!$B:$B, 0))} -> 36 | D247: 5 | E247: 4461 | F247: PEOPLE OF THE PHILIPPINES VS. MARLON M. PAYLANGCO, ET.AL | G247: 44412 | H247: 44412 | K247: CR | O247: MALICIOUS MISCHIEF | P247: 0 | Q247: 0 | S247: 90 | T247: 10006 | U247: BCC1 | V247: 44734.393 | W247: BCC1 | X247: 45249.642
A248: 247 | B248: 2088 | C248: {=INDEX(Sheet5!$A:$A, MATCH(#REF!, Sheet5!$B:$B, 0))} -> #REF! | D248: 5 | E248: 4462 | F248: PEOPLE OF THE PHILIPPINES VS. EDDIE MANGUBAT "ALIAS" WEDS, & YOLLY BAHIAN "ALIAS" ANDRO/YOLLY | G248: 44413 | H248: 44413 | K248: CR | O248: MULTIPLE ATTEMPTED HOMICIDE | P248: 0 | Q248: 0 | S248: 90 | T248: 10006 | U248: BCC1 | V248: 44734.394 | W248: BCC1 | X248: 45306.486
A249: 248 | B249: 2088 | C249: {=INDEX(Sheet5!$A:$A, MATCH($O248, Sheet5!$B:$B, 0))} -> 36 | D249: 5 | E249: 4463 | F249: PEOPLE OF THE PHILIPPINES VS. ANTONIETO PALER, ET.AL | G249: 44427 | H249: 44427 | K249: CR | O249: VIOLATION OF SEC 1 (A) [1] OF PD 1602 | P249: 0 | Q249: 0 | S249: 90 | T249: 10006 | U249: BCC1 | V249: 44734.399 | W249: BCC1 | X249: 44734.399
A250: 249 | B250: 2088 | C250: {=INDEX(Sheet5!$A:$A, MATCH($O250, Sheet5!$B:$B, 0))} -> 36 | D250: 5 | E250: 4464 | F250: PEOPLE OF THE PHILIPPINES VS. REYMARK E. SARAGOSA, ET.AL | G250: 44453 | H250: 44453 | K250: CR | O250: VIOLATION OF PD 449 IN RELATION TO PD 1602 | P250: 0 | Q250: 0 | S250: 90 | T250: 10006 | U250: BCC1 | V250: 44734.401 | W250: BCC1 | X250: 44734.401
A251: 250 | B251: 2088 | C251: {=INDEX(Sheet5!$A:$A, MATCH($O251, Sheet5!$B:$B, 0))} -> 29 | D251: 5 | E251: 4465 | F251: PEOPLE OF THE PHILIPPINES VS. EDWIN G. RAMOS | G251: 44453 | H251: 44453 | K251: CR | O251: ESTAFA | P251: 0 | Q251: 0 | S251: 90 | T251: 10006 | U251: BCC1 | V251: 44734.402 | W251: BCC1 | X251: 45249.522
A252: 251 | B252: 2088 | C252: {=INDEX(Sheet5!$A:$A, MATCH($O252, Sheet5!$B:$B, 0))} -> 36 | D252: 5 | E252: 4466 | F252: PEOPLE OF THE PHILIPPINES VS. JERRY D. ALONTO, ET.AL | G252: 44460 | H252: 44460 | K252: CR | O252: VIOLATION OF PD 1602 | P252: 0 | Q252: 0 | S252: 90 | T252: 10006 | U252: BCC1 | V252: 44734.411 | W252: BCC1 | X252: 44734.411
A253: 252 | B253: 2088 | C253: {=INDEX(Sheet5!$A:$A, MATCH($O253, Sheet5!$B:$B, 0))} -> 29 | D253: 5 | E253: 4467 | F253: PEOPLE OF THE PHILIPPINES VS. REBECCA M. DY A.K.A VICKY M. DY | G253: 44476 | H253: 44476 | K253: CR | O253: ESTAFA | P253: 0 | Q253: 0 | S253: 90 | T253: 10006 | U253: BCC1 | V253: 44734.413 | W253: BCC1 | X253: 45421.421
A254: 253 | B254: 2088 | C254: {=INDEX(Sheet5!$A:$A, MATCH($O254, Sheet5!$B:$B, 0))} -> 36 | D254: 5 | E254: 4468 | F254: PEOPLE OF THE PHILIPPINES VS. PHILIP APDUHAN ESCOLANO | G254: 44483 | H254: 44483 | K254: CR | O254: VIOLATION OF RA 10593 | P254: 0 | Q254: 0 | S254: 90 | T254: 10006 | U254: BCC1 | V254: 44734.418 | W254: BCC1 | X254: 44734.418
A255: 254 | B255: 2088 | C255: {=INDEX(Sheet5!$A:$A, MATCH($O255, Sheet5!$B:$B, 0))} -> 36 | D255: 5 | E255: 4469 | F255: PEOPLE OF THE PHILIPPINES VS. NIKKO YAN TIMSON LEOP, ET.AL | G255: 44489 | H255: 44489 | K255: CR | O255: VIOLATION OF PD 1602 SEC 1 (A) [1] | P255: 0 | Q255: 0 | S255: 90 | T255: 10006 | U255: BCC1 | V255: 44734.663 | W255: BCC1 | X255: 44734.663
A256: 255 | B256: 2088 | C256: {=INDEX(Sheet5!$A:$A, MATCH($O256, Sheet5!$B:$B, 0))} -> 36 | D256: 5 | E256: 4470 | F256: PEOPLE OF THE PHILIPPINES VS. EUGENIO GAROL POCONG, ET.AL | G256: 44489 | H256: 44489 | K256: CR | O256: VIOLATION OF PD 1602 SEC 1 (A) [1] | P256: 0 | Q256: 0 | S256: 90 | T256: 10006 | U256: BCC1 | V256: 44734.667 | W256: BCC1 | X256: 44734.667
A257: 256 | B257: 2088 | C257: {=INDEX(Sheet5!$A:$A, MATCH($O257, Sheet5!$B:$B, 0))} -> 36 | D257: 5 | E257: 4471 | F257: PEOPLE OF THE PHILIPPINES VS. ROBERTO B. BAHIAN, ET.AL | G257: 44489 | H257: 44489 | K257: CR | O257: VIOLATION OF PD 1602 SEC 1 (A) [1] | P257: 0 | Q257: 0 | S257: 90 | T257: 10006 | U257: BCC1 | V257: 44734.673 | W257: BCC1 | X257: 44734.673
A258: 257 | B258: 2088 | C258: {=INDEX(Sheet5!$A:$A, MATCH($O258, Sheet5!$B:$B, 0))} -> 36 | D258: 5 | E258: 4472 | F258: PEOPLE OF THE PHILIPPINES VS. JAMES ANTHONY PEREZ MALAZARTE | G258: 44494 | H258: 44494 | K258: CR | O258: THEFT | P258: 0 | Q258: 0 | S258: 90 | T258: 10006 | U258: BCC1 | V258: 44734.675 | W258: BCC1 | X258: 44734.675
A259: 258 | B259: 2088 | C259: {=INDEX(Sheet5!$A:$A, MATCH($O259, Sheet5!$B:$B, 0))} -> 36 | D259: 5 | E259: 4473 | F259: PEOPLE OF THE PHILIPPINES VS. BEMBON JAMERO, ET.AL | G259: 44495 | H259: 44495 | K259: CR | O259: VIOLATION OF PD 1602 | P259: 0 | Q259: 0 | S259: 90 | T259: 10006 | U259: BCC1 | V259: 44734.679 | W259: BCC1 | X259: 44734.679
A260: 259 | B260: 2088 | C260: {=INDEX(Sheet5!$A:$A, MATCH($O260, Sheet5!$B:$B, 0))} -> 36 | D260: 5 | E260: 4474 | F260: PEOPLE OF THE PHILIPPINES VS. ROGELIO T. LAYAO, ET.AL | G260: 44495 | H260: 44495 | K260: CR | O260: VIOLATION OF PD 1602 | P260: 0 | Q260: 0 | S260: 90 | T260: 10006 | U260: BCC1 | V260: 44734.683 | W260: BCC1 | X260: 44734.683
A261: 260 | B261: 2088 | C261: {=INDEX(Sheet5!$A:$A, MATCH($O261, Sheet5!$B:$B, 0))} -> 36 | D261: 5 | E261: 4475 | F261: PEOPLE OF THE PHILIPPINES VS. MARCELO MONTON CUBOS, ET.AL | G261: 44504 | H261: 44504 | K261: CR | O261: ATTEMPTED HOMICIDE | P261: 0 | Q261: 0 | S261: 90 | T261: 10006 | U261: BCC1 | V261: 44734.686 | W261: BCC1 | X261: 44734.686
... A283: 282 | B283: 2088 | C283: {=INDEX(Sheet5!$A:$A, MATCH($O283, Sheet5!$B:$B, 0))} -> 31 | D283: 5 | E283: 4497 | F283: PEOPLE OF THE PHILIPPINES VS. ELLAQUIN ANO ALIAS LOLONG | G283: 44694 | H283: 44694 | K283: CR | O283: LESS SERIOUS PHYSICAL INJURIES | P283: 0 | Q283: 0 | S283: 90 | T283: 10006 | U283: BCC1 | V283: 44743.42 | W283: BCC1 | X283: 44987.436
A284: 283 | B284: 2088 | C284: {=INDEX(Sheet5!$A:$A, MATCH($O284, Sheet5!$B:$B, 0))} -> 29 | D284: 5 | E284: 4498 | F284: PEOPLE OF THE PHILIPPINES VS. ELSIE MOLIG PARDO | G284: 44694 | H284: 44694 | K284: CR | O284: ESTAFA | P284: 0 | Q284: 0 | R284: REVIVED | S284: 40 | T284: 10006 | U284: BCC1 | V284: 44743.43 | W284: BCC1 | X284: 45306.48
A285: 284 | B285: 2088 | C285: {=INDEX(Sheet5!$A:$A, MATCH($O285, Sheet5!$B:$B, 0))} -> 36 | D285: 5 | E285: 4499 | F285: PEOPLE OF THE PHILIPPINES VS. JUN TUDA | G285: 44698 | H285: 44698 | K285: CR | O285: VIOLATION OF PD 705 | P285: 0 | Q285: 0 | S285: 90 | T285: 10006 | U285: BCC1 | V285: 44743.431 | W285: BCC1 | X285: 44979.666
A286: 285 | B286: 2088 | C286: {=INDEX(Sheet5!$A:$A, MATCH($O286, Sheet5!$B:$B, 0))} -> 36 | D286: 5 | E286: 4500 | F286: PEOPLE OF THE PHILIPPINES VS. ARCHIE VILLAMIL BAGO | G286: 44698 | H286: 44698 | K286: CR | O286: VIOLATION OF PD 705 | P286: 0 | Q286: 0 | S286: 90 | T286: 10006 | U286: BCC1 | V286: 44749.393 | W286: BCC1 | X286: 45306.484
A287: 286 | B287: 2088 | C287: {=INDEX(Sheet5!$A:$A, MATCH($O287, Sheet5!$B:$B, 0))} -> 36 | D287: 5 | E287: 4501 | F287: PEOPLE OF THE PHILIPPINES VS. LUDIMAR G. HERMOJENO, ET.AL | G287: 44707 | H287: 44707 | K287: CR | O287: THEFT | P287: 0 | Q287: 0 | S287: 90 | T287: 10006 | U287: BCC1 | V287: 44749.397 | W287: BCC1 | X287: 44749.397
A288: 287 | B288: 2088 | C288: {=INDEX(Sheet5!$A:$A, MATCH($O288, Sheet5!$B:$B, 0))} -> 36 | D288: 5 | E288: 4502 | F288: PEOPLE OF THE PHILIPPINES VS. JELAN PINAKILID, ET.AL | G288: 44707 | H288: 44707 | K288: CR | O288: MULTIPLE ATTEMPTED HOMICIDE | P288: 0 | Q288: 0 | S288: 90 | T288: 10006 | U288: BCC1 | V288: 44749.398 | W288: BCC1 | X288: 44749.398
A289: 288 | B289: 2088 | C289: {=INDEX(Sheet5!$A:$A, MATCH($O289, Sheet5!$B:$B, 0))} -> 36 | D289: 5 | E289: 4503 | F289: PEOPLE OF THE PHILIPPINES VS. ALBERTO M. PAGALAN | G289: 44734 | H289: 44734 | K289: CR | O289: ROBBERY WITH FORCE UPON THINGS PENALIZED UNDER ART. 299 (B) OF RPC AS AMENDED | P289: 0 | Q289: 0 | S289: 90 | T289: 10006 | U289: BCC1 | V289: 44749.4 | W289: BCC1 | X289: 44979.655
A290: 289 | B290: 2088 | C290: {=INDEX(Sheet5!$A:$A, MATCH($O290, Sheet5!$B:$B, 0))} -> 36 | D290: 5 | E290: 4504 | F290: PEOPLE OF THE PHILIPPINES VS. VIRGINIA CORTEZ, MIRA BAGNOL, JAY DIZON, & VINANCIA LAURITO | G290: 44756 | H290: 44756 | K290: CR | O290: OTHER FORM OF TRESPASS | P290: 0 | Q290: 0 | S290: 90 | T290: 10006 | U290: BCC1 | V290: 44770.569 | W290: BCC1 | X290: 45668.665
A291: 290 | B291: 2088 | C291: {=INDEX(Sheet5!$A:$A, MATCH($O291, Sheet5!$B:$B, 0))} -> 36 | D291: 5 | E291: 4505 | F291: PEOPLE OF THE PHILIPPINES VS. LUNIE SANTA DESTAJO Y ABAO | G291: 44756 | H291: 44756 | K291: CR | O291: MALICIOUS MISCHIEF | P291: 0 | Q291: 0 | S291: 90 | T291: 10006 | U291: BCC1 | V291: 44770.571 | W291: BCC1 | X291: 46029.696
A292: 291 | B292: 2088 | C292: {=INDEX(Sheet5!$A:$A, MATCH($O292, Sheet5!$B:$B, 0))} -> 36 | D292: 5 | E292: 4506 | F292: PEOPLE OF THE PHILIPPINES VS. LUNIE SANTA A. DESTAJO | G292: 44756 | H292: 44756 | K292: CR | O292: MALICIOUS MISCHIEF | P292: 0 | Q292: 0 | S292: 90 | T292: 10006 | U292: BCC1 | V292: 44770.571 | W292: BCC1 | X292: 46029.696
A293: 292 | B293: 2088 | C293: {=INDEX(Sheet5!$A:$A, MATCH($O293, Sheet5!$B:$B, 0))} -> 36 | D293: 5 | E293: 4507 | F293: PEOPLE OF THE PHILIPPINES VS. CHARIE ASTILLO LUMABAS | G293: 44771 | H293: 44771 | K293: CR | O293: MALICIOUS MISCHIEF | P293: 0 | Q293: 0 | S293: 90 | T293: 10006 | U293: BCC1 | V293: 44771.636 | W293: BCC1 | X293: 44979.665
A294: 293 | B294: 2088 | C294: {=INDEX(Sheet5!$A:$A, MATCH($O294, Sheet5!$B:$B, 0))} -> 36 | D294: 5 | E294: 4508 | F294: PEOPLE OF THE PHILIPPINES VS. CARL JHUN D. MACEDA | G294: 44777 | H294: 44777 | K294: CR | O294: GRAVE THREATS | P294: 0 | Q294: 0 | S294: 90 | T294: 10006 | U294: BCC1 | V294: 44979.569 | W294: BCC1 | X294: 45249.622
A295: 294 | B295: 2088 | C295: {=INDEX(Sheet5!$A:$A, MATCH($O295, Sheet5!$B:$B, 0))} -> 35 | D295: 5 | E295: 4509 | F295: PEOPLE OF THE PHILIPPINES VS. DELBERT LLOYD NG ORCENADO | G295: 44782 | H295: 44782 | K295: CR | O295: RECKLESS IMPRUDENCE RESULTING TO HOMICIDE | P295: 0 | Q295: 0 | S295: 90 | T295: 10006 | U295: BCC1 | V295: 44979.571 | W295: BCC1 | X295: 44979.666
A296: 295 | B296: 2088 | C296: {=INDEX(Sheet5!$A:$A, MATCH($O296, Sheet5!$B:$B, 0))} -> 36 | D296: 5 | E296: 4510 | F296: PEOPLE OF THE PHILIPPINES VS. MEKMEK APAS BELAYONG AKA MEKMEK | G296: 44810 | H296: 44810 | K296: CR | O296: ATTEMPTED HOMICIDE | P296: 0 | Q296: 0 | S296: 90 | T296: 10006 | U296: BCC1 | V296: 44979.573 | W296: BCC1 | X296: 44979.573
... A529: 529 | B529: 2088 | C529: {=INDEX(Sheet5!$A:$A, MATCH($O529, Sheet5!$B:$B, 0))} -> 36 | D529: 5 | E529: 4743 | F529: PEOPLE OF THE PHILIPPINES VS. RONNIE MIRAATO Y CAPATAGAN | G529: 46084 | H529: 46084 | K529: CR | O529: VIOLATION OF SECTION 10 IN RELATION TO SECTIONS 6, 7, 13 & 14 (B) OF REPUBLIC ACT 10643 ( THE GRAPHIC HEALTH WARNINGS LAW) | P529: 0 | Q529: 0 | S529: 90 | T529: 10006 | U529: BCC1 | V529: 46089.68 | W529: BCC1 | X529: 46089.68
A530: 531 | B530: 2088 | C530: {=INDEX(Sheet5!$A:$A, MATCH($O530, Sheet5!$B:$B, 0))} -> 36 | D530: 5 | E530: 4744 | F530: PEOPLE OF THE PHILIPPINES VS. FELIX FEDILES Y TORION, IRENE FEDILES Y ZULIETA & JORENZ FEDILES Y ZULIETA | G530: 46090 | H530: 46090 | K530: CR | O530: VIOLATION OF PD 1602 | P530: 0 | Q530: 0 | R530: DISMISSED | S530: 90 | T530: 10006 | U530: BCC1 | V530: 46112.361 | W530: BCC1 | X530: 46112.372
A531: 532 | B531: 2088 | C531: {=INDEX(Sheet5!$A:$A, MATCH($O531, Sheet5!$B:$B, 0))} -> 36 | D531: 5 | E531: 4745 | F531: PEOPLE OF THE PHILIPPINES VS. JOEL ORTIZANO CARIÑO | G531: 46090 | H531: 46090 | K531: CR | O531: ATTEMPTED HOMICIDE | P531: 0 | Q531: 0 | S531: 90 | T531: 10006 | U531: BCC1 | V531: 46112.368 | W531: BCC1 | X531: 46112.368
A532: 533 | B532: 2088 | C532: {=INDEX(Sheet5!$A:$A, MATCH($O532, Sheet5!$B:$B, 0))} -> 36 | D532: 5 | E532: 4746 | F532: PEOPLE OF THE PHILIPPINES VS. MARLON P. TUGA | G532: 46106 | H532: 46106 | K532: CR | O532: GRAVE THREATS | P532: 0 | Q532: 0 | S532: 90 | T532: 10006 | U532: BCC1 | V532: 46112.371 | W532: BCC1 | X532: 46112.371
