Workbook

Sheet Page 1
A1: SC FORM MRC-FLC UPDATED JANUARY 2018 VER. 2.0 | O1: Page 1
A3: MONTHLY REPORT OF CASES
A4: (For instructions/guidelines on accomplishing this form, please see Administrative Circular No. 81-2012 dated September 17, 2012 and OCA Circular No. 11-2018 dated January 17, 2018.)
A6: FIRST LEVEL COURTS (MeTC/MTCC/MTC/MCTC) | E6: CRIMINAL CASES
E7: Violation of BP 22 | F7: Illegal Possession of Firearms and Ammunitions | G7: Estafa/Swindling/ Other Deceits | H7: Adultery/ Concubinage | I7: Physical Injuries | J7: Acts of Lasciviousness | K7: Violation of Traffic Laws/Rules/ Regulations | L7: Violation of Municipal/City Ordinances | M7: Criminal Negligence/ Reckless Imprudence | N7: All Other Criminal Cases | O7: TOTAL CRIMINAL CASES1
A8: BRANCH NUMBER
A9: CITY / MUNICIPALITY (STATION) | D9: BUENAVISTA
A10: PROVINCE | D10: AGUSAN DEL NORTE
A11: REGION | D11: 10TH JUDICIAL REGION
A12: MONTH / YEAR | D12: January 2026
E13: (1) | F13: (2) | G13: (3) | H13: (4) | I13: (5) | J13: (6) | K13: (7) | L13: (8) | M13: (9) | N13: (10) | O13: (11)
A14: ITEM NO. | B14: I | C14: NUMBER OF PENDING CASES AT THE BEGINNING OF THE MONTH | E14: 0 | F14: 0 | G14: 0 | H14: 0 | I14: 0 | J14: 0 | K14: 0 | L14: 0 | M14: 0 | N14: 0 | O14: =SUM(E14:N14)
A15: ITEM NO. | B15: II | C15: TOTAL NUMBER OF CASES ADDED | E15: =SUM(E16:E18) | F15: =SUM(F16:F18) | G15: =SUM(G16:G18) | H15: =SUM(H16:H18) | I15: =SUM(I16:I18) | J15: =SUM(J16:J18) | K15: =SUM(K16:K18) | L15: =SUM(L16:L18) | ... N15: =SUM(N16:N18) | O15: =SUM(E15:N15)
A16: CASE INFLOW | B16: II-A | C16: NUMBER OF NEW CASES FILED/RAFFLED | E16: 0 | F16: 0 | G16: 0 | H16: 0 | I16: 1 | J16: 0 | K16: 0 | L16: 0 | M16: 0 | N16: 6 | O16: =SUM(E16:N16)
B17: II-B | C17: NUMBER OF CASES REVIVED | E17: 0 | F17: 0 | G17: 0 | H17: 0 | I17: 0 | J17: 0 | K17: 0 | L17: 0 | M17: 0 | N17: 0 | O17: =SUM(E17:N17)
B18: II-C | C18: NUMBER OF CASES RECEIVED FROM OTHER COURTS/STATIONS | E18: 0 | F18: 0 | G18: 0 | H18: 0 | I18: 0 | J18: 0 | K18: 0 | L18: 0 | M18: 0 | N18: 0 | O18: =SUM(E18:N18)
A19: ITEM NO. | B19: III | C19: TOTAL NUMBER OF CASES DEDUCTED | E19: =SUM(E20:E23) | F19: =SUM(F20:F23) | G19: =SUM(G20:G23) | H19: =SUM(H20:H23) | I19: =SUM(I20:I23) | J19: =SUM(J20:J23) | K19: =SUM(K20:K23) | L19: =SUM(L20:L23) | ... N19: =SUM(N20:N23) | O19: =SUM(E19:N19)
A20: CASE OUTFLOW | B20: III-A | C20: NUMBER OF CASES DECIDED/RESOLVED ON THE MERITS | E20: 0 | F20: 0 | G20: 0 | H20: 0 | I20: 0 | J20: 0 | K20: 0 | L20: 0 | M20: 0 | N20: 0 | O20: =SUM(E20:N20)
B21: III-B | C21: NUMBER OF CASES DECIDED/RESOLVED BY WAY OF COMPROMISE, JDR, ETC. | E21: 0 | F21: 0 | G21: 0 | H21: 0 | I21: 1 | J21: 0 | K21: 0 | L21: 0 | M21: 0 | N21: 0 | O21: =SUM(E21:N21)
B22: III-C | C22: NUMBER OF CASES ARCHIVED | E22: 0 | F22: 0 | G22: 0 | H22: 0 | I22: 0 | J22: 0 | K22: 0 | L22: 0 | M22: 0 | N22: 0 | O22: =SUM(E22:N22)
B23: III-D | C23: NUMBER OF CASES TRANSFERRED TO OTHER COURTS/STATIONS | E23: 0 | F23: 0 | G23: 0 | H23: 0 | I23: 0 | J23: 0 | K23: 0 | L23: 0 | M23: 0 | N23: 0 | O23: =SUM(E23:N23)
A24: ITEM NO. | B24: IV | C24: NUMBER OF PENDING CASES AT THE END OF THE MONTH | E24: =(E14+E15)-E19 | F24: =(F14+F15)-F19 | G24: =(G14+G15)-G19 | H24: =(H14+H15)-H19 | I24: =(I14+I15)-I19 | J24: =(J14+J15)-J19 | K24: =(K14+K15)-K19 | L24: =(L14+L15)-L19 | ... N24: =(N14+N15)-N19 | O24: =SUM(E24:N24)
A25: ITEM NO. | B25: V | C25: NUMBER OF CASES WITH DETENTION PRISONERS | O25: =SUM(E25:N25)
A27: Item No. | B27: I | C27: Copy the number of cases pending at the end of the month immediately preceding this month | K27: 1 Total Criminal Cases (Column 11) = ADD Columns 1 to 10
B28: II | C28: = II-A + II-B + II-C
B29: III | C29: = III-A + III-B + III-C + III-D
B30: IV | C30: = [ Item No. I + Item No. II ] - Item No. III
B31: V | C31: Relate to Item No. VII in Page 4

Sheet Page 2
A1: SC FORM MRC-FLC UPDATED JANUARY 2018 VER. 2.0 | L1: Page 2
A3: MONTHLY REPORT OF CASES
A4: (For instructions/guidelines on accomplishing this form, please see Administrative Circular No. 81-2012 dated September 17, 2012 and OCA Circular No. 11-2018 dated January 17, 2018.)
A6: FIRST LEVEL COURTS (MeTC/MTCC/MTC/MCTC) | E6: CIVIL AND OTHER CASES | L6: GRAND TOTAL2
E7: Small Claims | F7: Ejectment | G7: Other Cases under Summary Procedure | H7: Cases under Regular Procedure | I7: Election | J7: Other Civil Cases | K7: TOTAL CIVIL CASES1
A8: BRANCH NUMBER | D8: ='Page 1'!D8
A9: CITY / MUNICIPALITY (STATION) | D9: ='Page 1'!D9
A10: PROVINCE | D10: ='Page 1'!D10
A11: REGION | D11: ='Page 1'!D11
A12: MONTH / YEAR | D12: ='Page 1'!D12
E13: (12) | F13: (13) | G13: (14) | H13: (15) | I13: (16) | J13: (17) | K13: (18) | L13: (19)
A14: ITEM NO. | B14: I | C14: NUMBER OF PENDING CASES AT THE BEGINNING OF THE MONTH | E14: 0 | F14: 0 | G14: 0 | H14: 0 | I14: 0 | J14: 0 | K14: =SUM(E14:J14) | L14: ='Page 1'!O14+'Page 2'!K14
A15: ITEM NO. | B15: II | C15: TOTAL NUMBER OF CASES ADDED | E15: =SUM(E16:E18) | F15: =SUM(F16:F18) | G15: =SUM(G16:G18) | H15: =SUM(H16:H18) | I15: =SUM(I16:I18) | J15: =SUM(J16:J18) | K15: =SUM(E15:J15) | L15: ='Page 1'!O15+'Page 2'!K15
A16: CASE INFLOW | B16: II-A | C16: NUMBER OF NEW CASES FILED/RAFFLED | E16: 2 | F16: 0 | G16: 0 | H16: 2 | I16: 0 | J16: 0 | K16: =SUM(E16:J16) | L16: ='Page 1'!O16+'Page 2'!K16
B17: II-B | C17: NUMBER OF CASES REVIVED | E17: 0 | F17: 0 | G17: 0 | H17: 0 | I17: 0 | J17: 0 | K17: =SUM(E17:J17) | L17: ='Page 1'!O17+'Page 2'!K17
B18: II-C | C18: NUMBER OF CASES RECEIVED FROM OTHER COURTS/STATIONS | E18: 0 | F18: 0 | G18: 0 | H18: 0 | I18: 0 | J18: 0 | K18: =SUM(E18:J18) | L18: ='Page 1'!O18+'Page 2'!K18
A19: ITEM NO. | B19: III | C19: TOTAL NUMBER OF CASES DEDUCTED | E19: =SUM(E20:E23) | F19: =SUM(F20:F23) | G19: =SUM(G20:G23) | H19: =SUM(H20:H23) | I19: =SUM(I20:I23) | J19: =SUM(J20:J23) | K19: =SUM(E19:J19) | L19: ='Page 1'!O19+'Page 2'!K19
A20: CASE OUTFLOW | B20: III-A | C20: NUMBER OF CASES DECIDED/RESOLVED ON THE MERITS | E20: 0 | F20: 0 | G20: 0 | H20: 0 | I20: 0 | J20: 0 | K20: =SUM(E20:J20) | L20: ='Page 1'!O20+'Page 2'!K20
B21: III-B | C21: NUMBER OF CASES DECIDED/RESOLVED BY WAY OF COMPROMISE, JDR, ETC. | E21: 0 | F21: 0 | G21: 0 | H21: 0 | I21: 0 | J21: 0 | K21: =SUM(E21:J21) | L21: ='Page 1'!O21+'Page 2'!K21
B22: III-C | C22: NUMBER OF CASES ARCHIVED | E22: 0 | F22: 0 | G22: 0 | H22: 0 | I22: 0 | J22: 0 | K22: =SUM(E22:J22) | L22: ='Page 1'!O22+'Page 2'!K22
B23: III-D | C23: NUMBER OF CASES TRANSFERRED TO OTHER COURTS/STATIONS | E23: 0 | F23: 0 | G23: 0 | H23: 0 | I23: 0 | J23: 0 | K23: =SUM(E23:J23) | L23: ='Page 1'!O23+'Page 2'!K23
A24: ITEM NO. | B24: IV | C24: NUMBER OF PENDING CASES AT THE END OF THE MONTH | E24: =(E14+E15)-E19 | F24: =SUM(F14+F15)-F19 | G24: =SUM(G14+G15)-G19 | H24: =SUM(H14+H15)-H19 | I24: =SUM(I14+I15)-I19 | J24: =SUM(J14+J15)-J19 | K24: =SUM(E24:J24) | L24: ='Page 1'!O24+'Page 2'!K24
A25: ITEM NO. | B25: V | C25: NUMBER OF TRO / PRELIMINARY INJUNCTION ISSUED
A27: Item No. | B27: I | C27: Copy the number of cases pending at the end of the month immediately preceding this month | I27: 1 Total Civil Cases (Column 18) = ADD Columns 12 to 17
B28: II | C28: = II-A + II-B + II-C | I28: 2 Grand Total (Column 19) = ADD Columns 11 and 18
B29: III | C29: = III-A + III-B + III-C + III-D
B30: IV | C30: = [ Item No. I + Item No. II ] - Item No. III
B31: V | C31: Relate to Item No. X-C in Page 4

Sheet Page 3
G1: Page 3
A3: ITEM NO. VI - CASES SUBMITTED FOR DECISION
A5: CASE NUMBER | B5: TITLE AND NATURE OF THE CASE (Indicate if case is under Summary Procedure) | C5: DATE FILED | D5: DATE SUBMITTED | E5: DUE DATE | F5: JUDGE BEFORE WHOM CASE WAS SUBMITTED FOR DECISION | G5: REASON(S) FOR NOT DECIDING THE CASE
A9: A. CASES SUBMITTED FOR DECISION WITHIN THE MONTH
A20: B. CASES PREVIOUSLY REPORTED FOR DECISION BUT STILL UNDECIDED
A32: NOTE: IF THERE ARE NO CASES SUBMITTED FOR DECISION, PLEASE INDICATE "NONE". If space is not sufficient, use additional sheets.

Sheet Page 4
A1: ITEM NO. VII - PROFILE OF ACCUSED* | F1: ITEM NO. X - WARRANTS, TEMPORARY RESTRAINING ORDERS (TROs), INJUNCTIONS | S1: Page 4
B2: Total Number of Accused at the end of the month | C2: =SUM(D3:D6) | G2: A. | H2: Search Warrants
B3: A. Number of detention prisoners | D3: 0 | H3: 1. Number of search warrants issued during the month | O3: 0
B4: B. Number of accused on bail / on recognizance / covered by Article 29 RPC | D4: 0 | H4: 2. Number of search warrants quashed during the month | O4: 0
B5: C. Number of accused at large / jumped bail / escaped from prison | D5: 0 | H5: 3. Number of cases filed in court during the month as a result of the search warrants issued | O5: 0
B6: D. Number of accused covered by the Rule on Summary Procedures Pending determination of applicable Rule | D6: 0
B7: E. Number of detention prisoners released during the month | D7: =SUM(C8:C13) | G7: B. | H7: Warrants of Arrest
B8: E.1 Under Rule 119 (Rules of Court - Speedy Trial) | C8: 0 | H8: 1. Number of warrants of arrest issued during the month | O8: 0
B9: E.2 Covered by Article 29 (RPC) - Preventive Imprisonment | C9: 0 | H9: 2. Number of warrants of arrest recalled within the month | O9: 0
B10: E.3 Acquittal | C10: 0 | H10: 3. Number of warrants of arrest pending at the end of the month | O10: 0
B11: E.4 On Bail / On Recognizance | C11: 0
B12: E.5 Dismissal / Provisional Dismissal | C12: 0
B13: E.6 Others | C13: 0 | O13: Prelim.
G14: C. | H14: TRO and Preliminary Injunction | M14: TRO | O14: Injunction
A15: ITEM NO. VIII - CASES UNDER MEDIATION | H15: 1. Number of (TRO/Prelim.Inj.) issued during the month | M15: 0 | O15: 0
B16: A. Number of cases pending mediation at the beginning of the month | D16: 0 | H16: 2. Number of (TRO/Prelim.Inj.) lifted during the month | M16: 0 | O16: 0
B17: B. Number of cases referred for mediation during the month | D17: 0
B18: C. Number of cases undergoing mediation that were terminated during the month (C.1 + C.2) | D18: =SUM(C19:C20)
B19: C.1. Number of cases settled during mediation | C19: 0
B20: C.2. Number of cases referred back to court | C20: 0 | F20: ITEM NO. XI - AGING OF PENDING CASES | K20: Ordinary | M20: Special | O20: Special | Q20: Other Civil | S20: TOTAL
B21: D. Number of cases pending mediation at the end of the month (A + B - C) | D21: =SUM(D16:D17)-D18 | I21: Criminal | K21: Civil Action | M21: Civil Action | O21: Proceedings | Q21: Cases
G22: A. | H22: Less than 1 year | I22: 0 | K22: 0 | M22: 0 | O22: 0 | Q22: 0 | S22: =SUM(I22+K22+M22+O22+Q22)
A23: ITEM NO. IX - DATA ON PROBATION | G23: B. | H23: 1 year to less than 2 years | I23: 0 | K23: 0 | M23: 0 | O23: 0 | Q23: 0 | S23: =SUM(I23+K23+M23+O23+Q23)
B24: A. Number of applications for probation pending at the beginning of the month | C24: 0 | G24: C. | H24: 2 years to less than 3 years | I24: 0 | K24: 0 | M24: 0 | O24: 0 | Q24: 0 | S24: =SUM(I24+K24+M24+O24+Q24)
B25: B. Number of applications for probation received during the month | C25: 0 | G25: D. | H25: 3 years to less than 4 years | I25: 0 | K25: 0 | M25: 0 | O25: 0 | Q25: 0 | S25: =SUM(I25+K25+M25+O25+Q25)
B26: C. Number of applications for probation approved / denied / withdrawn during the month | C26: 0 | G26: E. | H26: 4 years to less than 5 years | I26: 0 | K26: 0 | M26: 0 | O26: 0 | Q26: 0 | S26: =SUM(I26+K26+M26+O26+Q26)
B27: D. Number of applications for probation transfered to another court during the month | C27: 0 | G27: F. | H27: 5 years to less than 6 years | I27: 0 | K27: 0 | M27: 0 | O27: 0 | Q27: 0 | S27: =SUM(I27+K27+M27+O27+Q27)
B28: E. Number of applications for probation pending at the end of the month | C28: =SUM(C24:C25)-SUM(C26:C27) | G28: G. | H28: 6 years to less than 7 years | I28: 0 | K28: 0 | M28: 0 | O28: 0 | Q28: 0 | S28: =SUM(I28+K28+M28+O28+Q28)
B29: E = (A+B) - (C+D) | G29: H. | H29: 7 years to less than 8 years | I29: 0 | K29: 0 | M29: 0 | O29: 0 | Q29: 0 | S29: =SUM(I29+K29+M29+O29+Q29)
B30: F. Number of probations revoked during the month | C30: 0 | G30: I. | H30: 8 years to less than 9 years | I30: 0 | K30: 0 | M30: 0 | O30: 0 | Q30: 0 | S30: =SUM(I30+K30+M30+O30+Q30)
B31: G. Number of probations terminated during the month | C31: 0 | G31: J. | H31: 9 years to less than 10 years | I31: 0 | K31: 0 | M31: 0 | O31: 0 | Q31: 0 | S31: =SUM(I31+K31+M31+O31+Q31)
G32: K. | H32: 10 years or more | I32: 0 | K32: 0 | M32: 0 | O32: 0 | Q32: 0 | S32: =SUM(I32+K32+M32+O32+Q32)
H33: TOTAL PENDING CASES | I33: =SUM(I22:I32) | K33: =SUM(K22:K32) | M33: =SUM(M22:M32) | O33: =SUM(O22:O32) | Q33: =SUM(Q22:Q32) | S33: =SUM(S22:S32)
A35: * This ITEM No.VII refers to the ACTUAL number of accused, regardless of the number of criminal cases under ITEM No. V e.g.: If Mr. A is accused of three (3) counts of Murder, the figure to be entered under ITEM No. VII is "1" , but in ITEM No. V (Page 1),
A36: the entry should be "3" as there is one (1) accused for each of the three (3) cases. Corollarily, if Mr. A, Mr. B, and Mr. C are accused of Rape, the figure to be entered under ITEM No. V (Page 1) should be "1", but under ITEM No. VII, the entry should be "3."

Sheet Page 5
A1: Page 5
A2: ITEM NO. XIII - DECISIONS/FINAL OR INTERLOCUTORY ORDERS ELEVATED | P2: ITEM NO. XIII - COURT SESSIONS DURING THE MONTH:
A3: ON APPEAL/CERTIORARI DURING THE MONTH | Q3: A. | R3: NUMBER OF DAYS OF COURT SESSIONS | Z3: 0
B5: A. | C5: NUMBER OF DECISIONS APPEALED TO: | Q5: B. | R5: PLACE/S OUTSIDE OF REGULAR STATION WHERE COURT SESSION/S WAS/WERE HELD
C6: 1. REGIONAL TRIAL COURT (RTC) | H6: 0 | R6: NONE
C7: 2. COMMISSION ON ELECTION (COMELEC) | H7: 0
H8: =SUM(H6:H7)
H9: Affirmed | J9: Modified | L9: Reversed
C10: DATA ON APPEALED DECISIONS | H10: 0 | J10: 0 | L10: 0
P11: ITEM NO. XIV - NUMBER OF MARRIAGES SOLEMNIZED DURING THE MONTH | Z11: 6
B13: B. | C13: NUMBER OF INTERLOCUTORY ORDERS/DECISIONS | P13: ITEM NO. XV - NUMBER OF WRITS ISSUED DURING THE MONTH
C14: ELEVATED ON CERTIORARI (Rule 65) TO:
C15: 1. REGIONAL TRIAL COURT (RTC) | H15: 0 | Q15: A. WRIT OF HABEAS CORPUS | Z15: 0
C16: 2. COMMISSION ON ELECTION (COMELEC) | H16: 0 | Q16: B. WRIT OF AMPARO | Z16: 0
H17: =SUM(H15:H16) | Q17: C. WRIT OF HABEAS DATA | Z17: 0
C18: DATA ON INTERLOCUTORY ORDERS / DECISIONS | H18: Granted | J18: Denied | Q18: D. WRIT OF KALIKASAN | Z18: 0
C19: ELEVATED ON CERTIORARI: | H19: 0 | J19: 0
A23: WE HEREBY DECLARE UNDER OATH THAT THE INFORMATION IN THIS MONTHLY REPORT IS TRUE AND CORRECT OF OUR OWN PERSONAL KNOWLEDGE, PURSUANT TO THE PROVISIONS OF EXISTING RULES/ ADMINISTRATIVE CIRCULARS.
D26: HON. SAIDAMEN M. GANIA | R26: NASHRIA U. IMAM 09126085463
D27: JUDGE | R27: OIC - CLERK OF COURT II
D28: (Presiding / Acting / Assisting Judge/ Pairing Judge) | R28: (Clerk of Court/Branch Clerk of Court/OIC)
D29: Administrative Order/Administrative Matter No. ___________ dated _______________.
D30: Note: Scope of authority for Assisting Judges, please check box:
E31: Try and Decide case/s
E32: Decide case/s only
A34: SUBSCRIBED AND SWORN TO before me this | H34: day of | I34: January | O34: at | P34: 2024 | T34: .
J37: HON. MARIGEL S. DAGANI-HUGO
J38: ADMINSTERING OFFICER
A40: NOTE : | D40: THIS REPORT MUST BE SUBMITTED OR MAILED WITHIN THE FIRST TEN (10) DAYS OF THE SUCCEEDING MONTH DIRECTLY TO THE CHIEF, STATISTICAL REPORTS DIVISION, COURT MANAGEMENT OFFICE, OFFICE OF THE COURT ADMINISTRATOR, SUPREME COURT, ERMITA, MANILA 1000.

Sheet Basis for Aging of Cases
E30: Computation of Aging of Civil Cases
F32: Ordinary Civil Action, add column 12, 14 and 15
F34: For Other Civil Cases, add column 16 and 17
F36: Special Civil Action
D39: PRINT ALL SHEETS IN FOLIO SIZE
